
> kids-learning-adventure-web@1.2.0 test:e2e
> playwright test --project=local-chromium --project=local-firefox --project=local-webkit --project=mobile-chrome --project=mobile-safari --project=mobile-android-tablet --project=mobile-ipad --project=adventure-content --project=adventure-touch --project=adventure-recordings --workers=4

[WebServer] (node:12976) Warning: The 'NO_COLOR' env is ignored due to the 'FORCE_COLOR' env being set.
[WebServer] (Use `node --trace-warnings ...` to show where the warning was created)

Running 404 tests using 4 workers

(node:30216) Warning: The 'NO_COLOR' env is ignored due to the 'FORCE_COLOR' env being set.
(Use `node --trace-warnings ...` to show where the warning was created)
(node:23400) Warning: The 'NO_COLOR' env is ignored due to the 'FORCE_COLOR' env being set.
(Use `node --trace-warnings ...` to show where the warning was created)
(node:29840) Warning: The 'NO_COLOR' env is ignored due to the 'FORCE_COLOR' env being set.
(Use `node --trace-warnings ...` to show where the warning was created)
(node:7548) Warning: The 'NO_COLOR' env is ignored due to the 'FORCE_COLOR' env being set.
(Use `node --trace-warnings ...` to show where the warning was created)
(node:30216) Warning: The 'NO_COLOR' env is ignored due to the 'FORCE_COLOR' env being set.
(Use `node --trace-warnings ...` to show where the warning was created)
(node:23400) Warning: The 'NO_COLOR' env is ignored due to the 'FORCE_COLOR' env being set.
(Use `node --trace-warnings ...` to show where the warning was created)
(node:29840) Warning: The 'NO_COLOR' env is ignored due to the 'FORCE_COLOR' env being set.
(Use `node --trace-warnings ...` to show where the warning was created)
(node:7548) Warning: The 'NO_COLOR' env is ignored due to the 'FORCE_COLOR' env being set.
(Use `node --trace-warnings ...` to show where the warning was created)
  ok   3 [adventure-recordings] › tests\e2e\adventure-recordings.spec.ts:9:3 › VIS-01 letters: animated round with correction, hint and collection (48.2s)
(node:32288) Warning: The 'NO_COLOR' env is ignored due to the 'FORCE_COLOR' env being set.
(Use `node --trace-warnings ...` to show where the warning was created)
(node:32288) Warning: The 'NO_COLOR' env is ignored due to the 'FORCE_COLOR' env being set.
(Use `node --trace-warnings ...` to show where the warning was created)
  ok   1 [adventure-recordings] › tests\e2e\adventure-recordings.spec.ts:9:3 › VIS-01 numbers: animated round with correction, hint and collection (53.9s)
  ok   4 [adventure-recordings] › tests\e2e\adventure-recordings.spec.ts:9:3 › VIS-01 colors: animated round with correction, hint and collection (54.1s)
(node:11780) Warning: The 'NO_COLOR' env is ignored due to the 'FORCE_COLOR' env being set.
(Use `node --trace-warnings ...` to show where the warning was created)
(node:11780) Warning: The 'NO_COLOR' env is ignored due to the 'FORCE_COLOR' env being set.
(Use `node --trace-warnings ...` to show where the warning was created)
  ok   5 [adventure-touch] › tests\e2e\adventure-touch.spec.ts:5:1 › INT-01: browser touch protocol handles dragging, a second finger and tap alternatives (6.2s)
(node:29776) Warning: The 'NO_COLOR' env is ignored due to the 'FORCE_COLOR' env being set.
(Use `node --trace-warnings ...` to show where the warning was created)
(node:29776) Warning: The 'NO_COLOR' env is ignored due to the 'FORCE_COLOR' env being set.
(Use `node --trace-warnings ...` to show where the warning was created)
(node:34072) Warning: The 'NO_COLOR' env is ignored due to the 'FORCE_COLOR' env being set.
(Use `node --trace-warnings ...` to show where the warning was created)
(node:34072) Warning: The 'NO_COLOR' env is ignored due to the 'FORCE_COLOR' env being set.
(Use `node --trace-warnings ...` to show where the warning was created)
  ok   2 [adventure-recordings] › tests\e2e\adventure-recordings.spec.ts:9:3 › VIS-01 shapes: animated round with correction, hint and collection (1.1m)
  ok   6 [adventure-content] › tests\e2e\adventure-content.spec.ts:6:3 › v2-letter-bridge: גשר של אותיות (6.0s)
  ok   7 [adventure-content] › tests\e2e\adventure-content.spec.ts:6:3 › v2-letter-lantern: פנסים לחצר (5.3s)
(node:27644) Warning: The 'NO_COLOR' env is ignored due to the 'FORCE_COLOR' env being set.
(Use `node --trace-warnings ...` to show where the warning was created)
(node:27644) Warning: The 'NO_COLOR' env is ignored due to the 'FORCE_COLOR' env being set.
(Use `node --trace-warnings ...` to show where the warning was created)
  ok   9 [adventure-content] › tests\e2e\adventure-content.spec.ts:6:3 › v2-letter-post: הדואר הגיע (5.4s)
  ok   8 [adventure-content] › tests\e2e\adventure-content.spec.ts:6:3 › v2-letter-train: רכבת הסיפורים (8.1s)
  ok  10 [adventure-content] › tests\e2e\adventure-content.spec.ts:6:3 › v2-letter-stars: כוכבים לספרייה (4.9s)
  ok  11 [adventure-content] › tests\e2e\adventure-content.spec.ts:6:3 › v2-letter-garden: ערוגת האותיות (4.2s)
  ok  13 [adventure-content] › tests\e2e\adventure-content.spec.ts:6:3 › v2-letter-tickets: כרטיס לתיאטרון (5.3s)
  ok  14 [adventure-content] › tests\e2e\adventure-content.spec.ts:6:3 › v2-letter-animal: שלט לחברים (4.6s)
  ok  12 [adventure-content] › tests\e2e\adventure-content.spec.ts:6:3 › v2-letter-kite: עפיפון בשמיים (7.5s)
  ok  15 [adventure-content] › tests\e2e\adventure-content.spec.ts:6:3 › v2-letter-market: החנות הקטנה (5.2s)
  ok  16 [adventure-content] › tests\e2e\adventure-content.spec.ts:6:3 › v2-letter-harbor: שלטים בנמל (4.9s)
  ok  17 [adventure-content] › tests\e2e\adventure-content.spec.ts:6:3 › v2-letter-museum: המוזיאון שלנו (5.0s)
  ok  19 [adventure-content] › tests\e2e\adventure-content.spec.ts:6:3 › v2-number-picnic: פיקניק לחבר (6.1s)
  ok  18 [adventure-content] › tests\e2e\adventure-content.spec.ts:6:3 › v2-number-breakfast: ארוחת בוקר (6.7s)
  ok  20 [adventure-content] › tests\e2e\adventure-content.spec.ts:6:3 › v2-number-party: מסיבת הטעימות (7.6s)
  ok  21 [adventure-content] › tests\e2e\adventure-content.spec.ts:6:3 › v2-number-soup: מרק של ערב (6.9s)
  ok  22 [adventure-content] › tests\e2e\adventure-content.spec.ts:6:3 › v2-number-twins: שני אורחים (6.9s)
  ok  23 [adventure-content] › tests\e2e\adventure-content.spec.ts:6:3 › v2-number-tea: שעת התה (7.2s)
  ok  25 [adventure-content] › tests\e2e\adventure-content.spec.ts:6:3 › v2-number-feast: סעודת החברים (6.7s)
  ok  24 [adventure-content] › tests\e2e\adventure-content.spec.ts:6:3 › v2-number-baskets: סלים לטיול (6.9s)
  ok  26 [adventure-content] › tests\e2e\adventure-content.spec.ts:6:3 › v2-number-missing: עוד קצת תפוחים (4.9s)
  ok  27 [adventure-content] › tests\e2e\adventure-content.spec.ts:6:3 › v2-number-box: קופסת ההפתעה (6.5s)
  ok  28 [adventure-content] › tests\e2e\adventure-content.spec.ts:6:3 › v2-number-cookies: תבנית העוגיות (5.4s)
  ok  29 [adventure-content] › tests\e2e\adventure-content.spec.ts:6:3 › v2-number-carrots: סיר כמעט מוכן (5.5s)
  ok  30 [adventure-content] › tests\e2e\adventure-content.spec.ts:6:3 › v2-shape-house: בית לבובה (6.5s)
  ok  31 [adventure-content] › tests\e2e\adventure-content.spec.ts:6:3 › v2-shape-boat: סירה לאגם (7.7s)
  ok  32 [adventure-content] › tests\e2e\adventure-content.spec.ts:6:3 › v2-shape-rocket: טיסה לירח (6.3s)
  ok  33 [adventure-content] › tests\e2e\adventure-content.spec.ts:6:3 › v2-shape-flower: פרח מכני (6.9s)
  ok  34 [adventure-content] › tests\e2e\adventure-content.spec.ts:6:3 › v2-shape-windmill: טחנת הרוח (6.9s)
  ok  35 [adventure-content] › tests\e2e\adventure-content.spec.ts:6:3 › v2-shape-bridge: גשר למכונית (6.1s)
  ok  36 [adventure-content] › tests\e2e\adventure-content.spec.ts:6:3 › v2-shape-fish: דג קטן (6.0s)
  ok  37 [adventure-content] › tests\e2e\adventure-content.spec.ts:6:3 › v2-shape-arrow: שבשבת לגינה (6.8s)
  ok  38 [adventure-content] › tests\e2e\adventure-content.spec.ts:6:3 › v2-shape-car: המכונית הראשונה (5.9s)
  ok  40 [adventure-content] › tests\e2e\adventure-content.spec.ts:6:3 › v2-shape-train: רכבת צבעונית (6.5s)
  ok  39 [adventure-content] › tests\e2e\adventure-content.spec.ts:6:3 › v2-shape-robot: חבר רובוט (8.3s)
  ok  41 [adventure-content] › tests\e2e\adventure-content.spec.ts:6:3 › v2-shape-castle: טירה בעננים (7.4s)
  ok  42 [adventure-content] › tests\e2e\adventure-content.spec.ts:6:3 › v2-color-petals: הפרחים התעוררו (8.3s)
  ok  43 [adventure-content] › tests\e2e\adventure-content.spec.ts:6:3 › v2-color-wings: כנפיים לפרפר (7.3s)
  ok  46 [adventure-content] › tests\e2e\adventure-content.spec.ts:6:3 › v2-color-orange: שמש כתומה (5.0s)
  ok  45 [adventure-content] › tests\e2e\adventure-content.spec.ts:6:3 › v2-color-balloons: בלונים לחגיגה (7.6s)
  ok  44 [adventure-content] › tests\e2e\adventure-content.spec.ts:6:3 › v2-color-pots: עציצים לחממה (9.5s)
  ok  47 [adventure-content] › tests\e2e\adventure-content.spec.ts:6:3 › v2-color-green: עלים ירוקים (4.7s)
  ok  48 [adventure-content] › tests\e2e\adventure-content.spec.ts:6:3 › v2-color-purple: פרחי ערב (5.4s)
  ok  49 [adventure-content] › tests\e2e\adventure-content.spec.ts:6:3 › v2-color-rainbow: מעבדת הגן (5.4s)
  ok  51 [adventure-content] › tests\e2e\adventure-content.spec.ts:6:3 › v2-color-snail: שביל החלזונות (6.5s)
  ok  50 [adventure-content] › tests\e2e\adventure-content.spec.ts:6:3 › v2-color-birds: בתים לציפורים (7.8s)
  ok  52 [adventure-content] › tests\e2e\adventure-content.spec.ts:6:3 › v2-color-lights: אורות בגן (5.8s)
  ok  53 [adventure-content] › tests\e2e\adventure-content.spec.ts:6:3 › v2-color-festival: חגיגת הגן (5.7s)
  ok  54 [adventure-content] › tests\e2e\adventure-glyphs.spec.ts:9:3 › LET-01 א: each assembly piece contains visible ink (4.1s)
  ok  55 [adventure-content] › tests\e2e\adventure-glyphs.spec.ts:9:3 › LET-01 ב: each assembly piece contains visible ink (4.7s)
  ok  56 [adventure-content] › tests\e2e\adventure-glyphs.spec.ts:9:3 › LET-01 ג: each assembly piece contains visible ink (4.6s)
  ok  57 [adventure-content] › tests\e2e\adventure-glyphs.spec.ts:9:3 › LET-01 ד: each assembly piece contains visible ink (4.6s)
  ok  59 [adventure-content] › tests\e2e\adventure-glyphs.spec.ts:9:3 › LET-01 ו: each assembly piece contains visible ink (4.9s)
  ok  58 [adventure-content] › tests\e2e\adventure-glyphs.spec.ts:9:3 › LET-01 ה: each assembly piece contains visible ink (6.0s)
  ok  61 [adventure-content] › tests\e2e\adventure-glyphs.spec.ts:9:3 › LET-01 ח: each assembly piece contains visible ink (5.3s)
  ok  60 [adventure-content] › tests\e2e\adventure-glyphs.spec.ts:9:3 › LET-01 ז: each assembly piece contains visible ink (5.4s)
  ok  63 [adventure-content] › tests\e2e\adventure-glyphs.spec.ts:9:3 › LET-01 י: each assembly piece contains visible ink (4.9s)
  ok  62 [adventure-content] › tests\e2e\adventure-glyphs.spec.ts:9:3 › LET-01 ט: each assembly piece contains visible ink (5.9s)
  ok  65 [adventure-content] › tests\e2e\adventure-glyphs.spec.ts:9:3 › LET-01 ל: each assembly piece contains visible ink (5.4s)
  ok  64 [adventure-content] › tests\e2e\adventure-glyphs.spec.ts:9:3 › LET-01 כ: each assembly piece contains visible ink (5.6s)
  ok  66 [adventure-content] › tests\e2e\adventure-glyphs.spec.ts:9:3 › LET-01 מ: each assembly piece contains visible ink (5.5s)
  ok  67 [adventure-content] › tests\e2e\adventure-glyphs.spec.ts:9:3 › LET-01 נ: each assembly piece contains visible ink (5.2s)
  ok  68 [adventure-content] › tests\e2e\adventure-glyphs.spec.ts:9:3 › LET-01 ס: each assembly piece contains visible ink (5.3s)
  ok  69 [adventure-content] › tests\e2e\adventure-glyphs.spec.ts:9:3 › LET-01 ע: each assembly piece contains visible ink (5.3s)
  ok  71 [adventure-content] › tests\e2e\adventure-glyphs.spec.ts:9:3 › LET-01 צ: each assembly piece contains visible ink (4.6s)
  ok  70 [adventure-content] › tests\e2e\adventure-glyphs.spec.ts:9:3 › LET-01 פ: each assembly piece contains visible ink (5.3s)
  ok  72 [adventure-content] › tests\e2e\adventure-glyphs.spec.ts:9:3 › LET-01 ק: each assembly piece contains visible ink (5.3s)
  ok  73 [adventure-content] › tests\e2e\adventure-glyphs.spec.ts:9:3 › LET-01 ר: each assembly piece contains visible ink (5.4s)
  ok  74 [adventure-content] › tests\e2e\adventure-glyphs.spec.ts:9:3 › LET-01 ש: each assembly piece contains visible ink (5.3s)
  ok  75 [adventure-content] › tests\e2e\adventure-glyphs.spec.ts:9:3 › LET-01 ת: each assembly piece contains visible ink (5.3s)
(node:16964) Warning: The 'NO_COLOR' env is ignored due to the 'FORCE_COLOR' env being set.
(Use `node --trace-warnings ...` to show where the warning was created)
(node:16964) Warning: The 'NO_COLOR' env is ignored due to the 'FORCE_COLOR' env being set.
(Use `node --trace-warnings ...` to show where the warning was created)
(node:14056) Warning: The 'NO_COLOR' env is ignored due to the 'FORCE_COLOR' env being set.
(Use `node --trace-warnings ...` to show where the warning was created)
(node:14056) Warning: The 'NO_COLOR' env is ignored due to the 'FORCE_COLOR' env being set.
(Use `node --trace-warnings ...` to show where the warning was created)
(node:10856) Warning: The 'NO_COLOR' env is ignored due to the 'FORCE_COLOR' env being set.
(Use `node --trace-warnings ...` to show where the warning was created)
(node:17288) Warning: The 'NO_COLOR' env is ignored due to the 'FORCE_COLOR' env being set.
(Use `node --trace-warnings ...` to show where the warning was created)
(node:10856) Warning: The 'NO_COLOR' env is ignored due to the 'FORCE_COLOR' env being set.
(Use `node --trace-warnings ...` to show where the warning was created)
(node:17288) Warning: The 'NO_COLOR' env is ignored due to the 'FORCE_COLOR' env being set.
(Use `node --trace-warnings ...` to show where the warning was created)
  ok  77 [local-chromium] › tests\e2e\adaptive.local.spec.ts:31:3 › local personalized learning › creates, selects and deletes isolated profiles in the parent area (4.6s)
  ok  78 [local-chromium] › tests\e2e\adaptive.local.spec.ts:55:3 › local personalized learning › offers both non-competitive shared-play modes (4.5s)
  ok  76 [local-chromium] › tests\e2e\adaptive.local.spec.ts:5:3 › local personalized learning › starts an adaptive plan and records item-level evidence (6.7s)
  ok  81 [local-chromium] › tests\e2e\adventure-interactions.local.spec.ts:94:1 › ERR-01: unavailable artwork offers a working retry (5.9s)
  ok  79 [local-chromium] › tests\e2e\adventure-audio.local.spec.ts:6:1 › AUDIO-01: real packaged narration plays, repeats without overlap and respects mute (11.1s)
  x   82 [local-chromium] › tests\e2e\adventure-interactions.local.spec.ts:59:1 › INT-01: extra pointer does not cancel the active drag; resizing does (9.7s)
  x   80 [local-chromium] › tests\e2e\adventure-interactions.local.spec.ts:11:1 › COL-01: finger paint stays clipped, survives cancellation and requires a choice (11.0s)
(node:25676) Warning: The 'NO_COLOR' env is ignored due to the 'FORCE_COLOR' env being set.
(Use `node --trace-warnings ...` to show where the warning was created)
(node:25676) Warning: The 'NO_COLOR' env is ignored due to the 'FORCE_COLOR' env being set.
(Use `node --trace-warnings ...` to show where the warning was created)
(node:33828) Warning: The 'NO_COLOR' env is ignored due to the 'FORCE_COLOR' env being set.
(Use `node --trace-warnings ...` to show where the warning was created)
(node:33828) Warning: The 'NO_COLOR' env is ignored due to the 'FORCE_COLOR' env being set.
(Use `node --trace-warnings ...` to show where the warning was created)
  x   83 [local-chromium] › tests\e2e\adventure-interactions.local.spec.ts:117:3 › A11Y-01 INT-03: v2-letter-bridge accessible with enlarged controls in both orientations (9.6s)
  x   84 [local-chromium] › tests\e2e\adventure-interactions.local.spec.ts:117:3 › A11Y-01 INT-03: v2-number-breakfast accessible with enlarged controls in both orientations (9.6s)
(node:7748) Warning: The 'NO_COLOR' env is ignored due to the 'FORCE_COLOR' env being set.
(Use `node --trace-warnings ...` to show where the warning was created)
(node:7748) Warning: The 'NO_COLOR' env is ignored due to the 'FORCE_COLOR' env being set.
(Use `node --trace-warnings ...` to show where the warning was created)
(node:26008) Warning: The 'NO_COLOR' env is ignored due to the 'FORCE_COLOR' env being set.
(Use `node --trace-warnings ...` to show where the warning was created)
(node:26008) Warning: The 'NO_COLOR' env is ignored due to the 'FORCE_COLOR' env being set.
(Use `node --trace-warnings ...` to show where the warning was created)
  ok  88 [local-chromium] › tests\e2e\adventure-prototype.local.spec.ts:4:1 › kitchen vertical slice: real quantities, evidence and celebration (5.0s)
  ok  89 [local-chromium] › tests\e2e\experience-visual.local.spec.ts:6:3 › letters: scene has decoded art, readable controls and no overflow (3.8s)
  x   85 [local-chromium] › tests\e2e\adventure-interactions.local.spec.ts:117:3 › A11Y-01 INT-03: v2-shape-windmill accessible with enlarged controls in both orientations (12.8s)
  x   86 [local-chromium] › tests\e2e\adventure-interactions.local.spec.ts:117:3 › A11Y-01 INT-03: v2-color-petals accessible with enlarged controls in both orientations (12.3s)
(node:23236) Warning: The 'NO_COLOR' env is ignored due to the 'FORCE_COLOR' env being set.
(Use `node --trace-warnings ...` to show where the warning was created)
  ok  90 [local-chromium] › tests\e2e\experience-visual.local.spec.ts:6:3 › numbers: scene has decoded art, readable controls and no overflow (3.5s)
(node:5656) Warning: The 'NO_COLOR' env is ignored due to the 'FORCE_COLOR' env being set.
(Use `node --trace-warnings ...` to show where the warning was created)
(node:23236) Warning: The 'NO_COLOR' env is ignored due to the 'FORCE_COLOR' env being set.
(Use `node --trace-warnings ...` to show where the warning was created)
  x   87 [local-chromium] › tests\e2e\adventure-interactions.local.spec.ts:117:3 › A11Y-01 INT-03: v2-color-orange accessible with enlarged controls in both orientations (11.6s)
(node:5656) Warning: The 'NO_COLOR' env is ignored due to the 'FORCE_COLOR' env being set.
(Use `node --trace-warnings ...` to show where the warning was created)
(node:27920) Warning: The 'NO_COLOR' env is ignored due to the 'FORCE_COLOR' env being set.
(Use `node --trace-warnings ...` to show where the warning was created)
(node:27920) Warning: The 'NO_COLOR' env is ignored due to the 'FORCE_COLOR' env being set.
(Use `node --trace-warnings ...` to show where the warning was created)
  ok  92 [local-chromium] › tests\e2e\experience-visual.local.spec.ts:6:3 › shapes: scene has decoded art, readable controls and no overflow (5.1s)
  ok  93 [local-chromium] › tests\e2e\experience-visual.local.spec.ts:6:3 › colors: scene has decoded art, readable controls and no overflow (5.3s)
  ok  91 [local-chromium] › tests\e2e\games.local.spec.ts:16:3 › completes quiz game: אותיות (17.4s)
  ok  96 [local-chromium] › tests\e2e\games.local.spec.ts:16:3 › completes quiz game: צבעים (20.7s)
  ok  94 [local-chromium] › tests\e2e\games.local.spec.ts:16:3 › completes quiz game: מספרים (22.8s)
  ok  97 [local-chromium] › tests\e2e\games.local.spec.ts:27:1 › marks feedback and advances only correct quiz answers automatically (10.7s)
  ok  95 [local-chromium] › tests\e2e\games.local.spec.ts:16:3 › completes quiz game: צורות (23.4s)
  ok 100 [local-chromium] › tests\e2e\games.local.spec.ts:68:1 › completes matching game (10.6s)
  ok  98 [local-chromium] › tests\e2e\games.local.spec.ts:50:1 › completes patterns game (12.3s)
  ok 102 [local-chromium] › tests\e2e\security.local.spec.ts:14:1 › does not use unsafe HTML/eval APIs in source or scripts (962ms)
  ok 104 [local-chromium] › tests\e2e\smoke.local.spec.ts:14:3 › local app smoke › loads decorative videos without exposing playback controls (2.8s)
  ok 103 [local-chromium] › tests\e2e\smoke.local.spec.ts:5:3 › local app smoke › opens a focused welcome screen and renders all eight games (3.6s)
  ok 101 [local-chromium] › tests\e2e\games.local.spec.ts:77:1 › completes memory game (14.9s)
  ok 106 [local-chromium] › tests\e2e\smoke.local.spec.ts:44:3 › local app smoke › allows profile setup without a nickname or character preference (2.7s)
  ok 105 [local-chromium] › tests\e2e\smoke.local.spec.ts:28:3 › local app smoke › persists age, difficulty, and voice locally (4.3s)
  ok 107 [local-chromium] › tests\e2e\smoke.local.spec.ts:57:3 › local app smoke › creates an additional profile only after age and difficulty are chosen (5.7s)
  ok 108 [local-chromium] › tests\e2e\smoke.local.spec.ts:77:3 › local app smoke › keeps legal links and full local deletion behind the parental gate (5.8s)
  ok 110 [local-chromium] › tests\e2e\smoke.local.spec.ts:125:3 › local app smoke › keeps the primary action visible at 320 by 568 (3.4s)
  ok 109 [local-chromium] › tests\e2e\smoke.local.spec.ts:112:3 › local app smoke › loads local JSON without third-party network requests (7.9s)
  ok 111 [local-chromium] › tests\e2e\visual.local.spec.ts:9:1 › keeps welcome and menu framed without overflow (5.4s)
(node:31672) Warning: The 'NO_COLOR' env is ignored due to the 'FORCE_COLOR' env being set.
(Use `node --trace-warnings ...` to show where the warning was created)
(node:31672) Warning: The 'NO_COLOR' env is ignored due to the 'FORCE_COLOR' env being set.
(Use `node --trace-warnings ...` to show where the warning was created)
(node:26388) Warning: The 'NO_COLOR' env is ignored due to the 'FORCE_COLOR' env being set.
(Use `node --trace-warnings ...` to show where the warning was created)
(node:26388) Warning: The 'NO_COLOR' env is ignored due to the 'FORCE_COLOR' env being set.
(Use `node --trace-warnings ...` to show where the warning was created)
  ok 112 [local-chromium] › tests\e2e\visual.local.spec.ts:32:1 › renders earned and unearned stars as distinct non-gray rewards (7.2s)
  x   99 [local-chromium] › tests\e2e\games.local.spec.ts:59:1 › completes sorting game (24.3s)
(node:13620) Warning: The 'NO_COLOR' env is ignored due to the 'FORCE_COLOR' env being set.
(Use `node --trace-warnings ...` to show where the warning was created)
(node:13620) Warning: The 'NO_COLOR' env is ignored due to the 'FORCE_COLOR' env being set.
(Use `node --trace-warnings ...` to show where the warning was created)
(node:23840) Warning: The 'NO_COLOR' env is ignored due to the 'FORCE_COLOR' env being set.
(Use `node --trace-warnings ...` to show where the warning was created)
(node:23840) Warning: The 'NO_COLOR' env is ignored due to the 'FORCE_COLOR' env being set.
(Use `node --trace-warnings ...` to show where the warning was created)
  ok 113 [local-chromium] › tests\e2e\experience.local.spec.ts:11:3 › letters: complete three different mechanics and replay collection (7.8s)
  ok 114 [local-chromium] › tests\e2e\experience.local.spec.ts:11:3 › numbers: complete three different mechanics and replay collection (8.4s)
  ok 118 [local-chromium] › tests\e2e\experience.local.spec.ts:104:1 › drag, outside release, cancellation and touch sizes (3.4s)
  ok 117 [local-chromium] › tests\e2e\experience.local.spec.ts:65:1 › wrong answers, hints, double-submit and checkpoint survive reload (6.5s)
  ok 115 [local-chromium] › tests\e2e\experience.local.spec.ts:11:3 › shapes: complete three different mechanics and replay collection (9.9s)
  ok 116 [local-chromium] › tests\e2e\experience.local.spec.ts:11:3 › colors: complete three different mechanics and replay collection (11.8s)
  ok 119 [local-chromium] › tests\e2e\experience.local.spec.ts:137:1 › rotation and paint are usable with taps and keyboard (4.6s)
  ok 121 [local-chromium] › tests\e2e\experience.local.spec.ts:194:1 › application background pauses play and resumes without losing state (4.7s)
(node:25936) Warning: The 'NO_COLOR' env is ignored due to the 'FORCE_COLOR' env being set.
(Use `node --trace-warnings ...` to show where the warning was created)
  ok 120 [local-chromium] › tests\e2e\experience.local.spec.ts:155:1 › portrait and landscape preserve activity, reachable controls, accessibility (6.8s)
(node:25936) Warning: The 'NO_COLOR' env is ignored due to the 'FORCE_COLOR' env being set.
(Use `node --trace-warnings ...` to show where the warning was created)
(node:26384) Warning: The 'NO_COLOR' env is ignored due to the 'FORCE_COLOR' env being set.
(Use `node --trace-warnings ...` to show where the warning was created)
  ok 122 [local-chromium] › tests\e2e\experience.local.spec.ts:211:1 › LIFE-01: reload after one assembly stage resumes without duplicate evidence (4.4s)
(node:26384) Warning: The 'NO_COLOR' env is ignored due to the 'FORCE_COLOR' env being set.
(Use `node --trace-warnings ...` to show where the warning was created)
(node:27868) Warning: The 'NO_COLOR' env is ignored due to the 'FORCE_COLOR' env being set.
(Use `node --trace-warnings ...` to show where the warning was created)
(node:27868) Warning: The 'NO_COLOR' env is ignored due to the 'FORCE_COLOR' env being set.
(Use `node --trace-warnings ...` to show where the warning was created)
(node:30824) Warning: The 'NO_COLOR' env is ignored due to the 'FORCE_COLOR' env being set.
(Use `node --trace-warnings ...` to show where the warning was created)
(node:30824) Warning: The 'NO_COLOR' env is ignored due to the 'FORCE_COLOR' env being set.
(Use `node --trace-warnings ...` to show where the warning was created)
  ok 125 [local-firefox] › tests\e2e\adaptive.local.spec.ts:55:3 › local personalized learning › offers both non-competitive shared-play modes (10.9s)
  ok 123 [local-firefox] › tests\e2e\adaptive.local.spec.ts:5:3 › local personalized learning › starts an adaptive plan and records item-level evidence (17.9s)
  ok 124 [local-firefox] › tests\e2e\adaptive.local.spec.ts:31:3 › local personalized learning › creates, selects and deletes isolated profiles in the parent area (17.0s)
  ok 127 [local-firefox] › tests\e2e\adventure-interactions.local.spec.ts:11:1 › COL-01: finger paint stays clipped, survives cancellation and requires a choice (8.7s)
  ok 126 [local-firefox] › tests\e2e\adventure-audio.local.spec.ts:6:1 › AUDIO-01: real packaged narration plays, repeats without overlap and respects mute (21.8s)
  ok 128 [local-firefox] › tests\e2e\adventure-interactions.local.spec.ts:59:1 › INT-01: extra pointer does not cancel the active drag; resizing does (8.4s)
  ok 129 [local-firefox] › tests\e2e\adventure-interactions.local.spec.ts:94:1 › ERR-01: unavailable artwork offers a working retry (5.3s)
  ok 130 [local-firefox] › tests\e2e\adventure-interactions.local.spec.ts:117:3 › A11Y-01 INT-03: v2-letter-bridge accessible with enlarged controls in both orientations (15.9s)
  ok 131 [local-firefox] › tests\e2e\adventure-interactions.local.spec.ts:117:3 › A11Y-01 INT-03: v2-number-breakfast accessible with enlarged controls in both orientations (15.4s)
  ok 132 [local-firefox] › tests\e2e\adventure-interactions.local.spec.ts:117:3 › A11Y-01 INT-03: v2-shape-windmill accessible with enlarged controls in both orientations (15.6s)
  ok 133 [local-firefox] › tests\e2e\adventure-interactions.local.spec.ts:117:3 › A11Y-01 INT-03: v2-color-petals accessible with enlarged controls in both orientations (17.4s)
  ok 135 [local-firefox] › tests\e2e\adventure-prototype.local.spec.ts:4:1 › kitchen vertical slice: real quantities, evidence and celebration (10.0s)
  ok 136 [local-firefox] › tests\e2e\experience-visual.local.spec.ts:6:3 › letters: scene has decoded art, readable controls and no overflow (8.7s)
  ok 137 [local-firefox] › tests\e2e\experience-visual.local.spec.ts:6:3 › numbers: scene has decoded art, readable controls and no overflow (9.6s)
  ok 138 [local-firefox] › tests\e2e\experience-visual.local.spec.ts:6:3 › shapes: scene has decoded art, readable controls and no overflow (6.7s)
  ok 139 [local-firefox] › tests\e2e\experience-visual.local.spec.ts:6:3 › colors: scene has decoded art, readable controls and no overflow (5.8s)
  ok 134 [local-firefox] › tests\e2e\adventure-interactions.local.spec.ts:117:3 › A11Y-01 INT-03: v2-color-orange accessible with enlarged controls in both orientations (20.2s)
  ok 140 [local-firefox] › tests\e2e\games.local.spec.ts:16:3 › completes quiz game: אותיות (20.7s)
  ok 141 [local-firefox] › tests\e2e\games.local.spec.ts:16:3 › completes quiz game: מספרים (25.1s)
  ok 142 [local-firefox] › tests\e2e\games.local.spec.ts:16:3 › completes quiz game: צורות (26.0s)
  ok 144 [local-firefox] › tests\e2e\games.local.spec.ts:27:1 › marks feedback and advances only correct quiz answers automatically (11.0s)
  ok 143 [local-firefox] › tests\e2e\games.local.spec.ts:16:3 › completes quiz game: צבעים (31.1s)
  ok 147 [local-firefox] › tests\e2e\games.local.spec.ts:68:1 › completes matching game (8.8s)
  ok 149 [local-firefox] › tests\e2e\security.local.spec.ts:14:1 › does not use unsafe HTML/eval APIs in source or scripts (278ms)
  ok 145 [local-firefox] › tests\e2e\games.local.spec.ts:50:1 › completes patterns game (14.8s)
  ok 146 [local-firefox] › tests\e2e\games.local.spec.ts:59:1 › completes sorting game (16.0s)
  ok 150 [local-firefox] › tests\e2e\smoke.local.spec.ts:5:3 › local app smoke › opens a focused welcome screen and renders all eight games (7.3s)
  ok 151 [local-firefox] › tests\e2e\smoke.local.spec.ts:14:3 › local app smoke › loads decorative videos without exposing playback controls (6.3s)
  ok 148 [local-firefox] › tests\e2e\games.local.spec.ts:77:1 › completes memory game (15.6s)
  ok 153 [local-firefox] › tests\e2e\smoke.local.spec.ts:44:3 › local app smoke › allows profile setup without a nickname or character preference (4.9s)
  ok 152 [local-firefox] › tests\e2e\smoke.local.spec.ts:28:3 › local app smoke › persists age, difficulty, and voice locally (9.3s)
  ok 157 [local-firefox] › tests\e2e\smoke.local.spec.ts:125:3 › local app smoke › keeps the primary action visible at 320 by 568 (5.8s)
  ok 154 [local-firefox] › tests\e2e\smoke.local.spec.ts:57:3 › local app smoke › creates an additional profile only after age and difficulty are chosen (12.6s)
  -  159 [local-firefox] › tests\e2e\visual.local.spec.ts:32:1 › renders earned and unearned stars as distinct non-gray rewards
  ok 156 [local-firefox] › tests\e2e\smoke.local.spec.ts:112:3 › local app smoke › loads local JSON without third-party network requests (9.9s)
  ok 155 [local-firefox] › tests\e2e\smoke.local.spec.ts:77:3 › local app smoke › keeps legal links and full local deletion behind the parental gate (13.2s)
  ok 158 [local-firefox] › tests\e2e\visual.local.spec.ts:9:1 › keeps welcome and menu framed without overflow (5.0s)
(node:28052) Warning: The 'NO_COLOR' env is ignored due to the 'FORCE_COLOR' env being set.
(Use `node --trace-warnings ...` to show where the warning was created)
(node:28052) Warning: The 'NO_COLOR' env is ignored due to the 'FORCE_COLOR' env being set.
(Use `node --trace-warnings ...` to show where the warning was created)
(node:16404) Warning: The 'NO_COLOR' env is ignored due to the 'FORCE_COLOR' env being set.
(Use `node --trace-warnings ...` to show where the warning was created)
(node:16404) Warning: The 'NO_COLOR' env is ignored due to the 'FORCE_COLOR' env being set.
(Use `node --trace-warnings ...` to show where the warning was created)
(node:27076) Warning: The 'NO_COLOR' env is ignored due to the 'FORCE_COLOR' env being set.
(Use `node --trace-warnings ...` to show where the warning was created)
(node:27076) Warning: The 'NO_COLOR' env is ignored due to the 'FORCE_COLOR' env being set.
(Use `node --trace-warnings ...` to show where the warning was created)
(node:33680) Warning: The 'NO_COLOR' env is ignored due to the 'FORCE_COLOR' env being set.
(Use `node --trace-warnings ...` to show where the warning was created)
(node:33680) Warning: The 'NO_COLOR' env is ignored due to the 'FORCE_COLOR' env being set.
(Use `node --trace-warnings ...` to show where the warning was created)
  ok 160 [local-firefox] › tests\e2e\experience.local.spec.ts:11:3 › letters: complete three different mechanics and replay collection (17.9s)
  ok 161 [local-firefox] › tests\e2e\experience.local.spec.ts:11:3 › numbers: complete three different mechanics and replay collection (20.6s)
  ok 165 [local-firefox] › tests\e2e\experience.local.spec.ts:104:1 › drag, outside release, cancellation and touch sizes (6.1s)
  ok 162 [local-firefox] › tests\e2e\experience.local.spec.ts:11:3 › shapes: complete three different mechanics and replay collection (25.8s)
  ok 163 [local-firefox] › tests\e2e\experience.local.spec.ts:11:3 › colors: complete three different mechanics and replay collection (25.4s)
  ok 164 [local-firefox] › tests\e2e\experience.local.spec.ts:65:1 › wrong answers, hints, double-submit and checkpoint survive reload (12.6s)
  ok 166 [local-firefox] › tests\e2e\experience.local.spec.ts:137:1 › rotation and paint are usable with taps and keyboard (9.2s)
  ok 168 [local-firefox] › tests\e2e\experience.local.spec.ts:194:1 › application background pauses play and resumes without losing state (8.9s)
  ok 169 [local-firefox] › tests\e2e\experience.local.spec.ts:211:1 › LIFE-01: reload after one assembly stage resumes without duplicate evidence (9.8s)
  ok 167 [local-firefox] › tests\e2e\experience.local.spec.ts:155:1 › portrait and landscape preserve activity, reachable controls, accessibility (12.4s)
(node:21452) Warning: The 'NO_COLOR' env is ignored due to the 'FORCE_COLOR' env being set.
(Use `node --trace-warnings ...` to show where the warning was created)
(node:21452) Warning: The 'NO_COLOR' env is ignored due to the 'FORCE_COLOR' env being set.
(Use `node --trace-warnings ...` to show where the warning was created)
(node:18164) Warning: The 'NO_COLOR' env is ignored due to the 'FORCE_COLOR' env being set.
(Use `node --trace-warnings ...` to show where the warning was created)
(node:18164) Warning: The 'NO_COLOR' env is ignored due to the 'FORCE_COLOR' env being set.
(Use `node --trace-warnings ...` to show where the warning was created)
(node:6876) Warning: The 'NO_COLOR' env is ignored due to the 'FORCE_COLOR' env being set.
(Use `node --trace-warnings ...` to show where the warning was created)
(node:6876) Warning: The 'NO_COLOR' env is ignored due to the 'FORCE_COLOR' env being set.
(Use `node --trace-warnings ...` to show where the warning was created)
(node:19200) Warning: The 'NO_COLOR' env is ignored due to the 'FORCE_COLOR' env being set.
(Use `node --trace-warnings ...` to show where the warning was created)
(node:19200) Warning: The 'NO_COLOR' env is ignored due to the 'FORCE_COLOR' env being set.
(Use `node --trace-warnings ...` to show where the warning was created)
  ok 172 [local-webkit] › tests\e2e\adaptive.local.spec.ts:55:3 › local personalized learning › offers both non-competitive shared-play modes (13.4s)
  ok 170 [local-webkit] › tests\e2e\adaptive.local.spec.ts:5:3 › local personalized learning › starts an adaptive plan and records item-level evidence (18.3s)
  ok 171 [local-webkit] › tests\e2e\adaptive.local.spec.ts:31:3 › local personalized learning › creates, selects and deletes isolated profiles in the parent area (21.3s)
  x  175 [local-webkit] › tests\e2e\adventure-interactions.local.spec.ts:59:1 › INT-01: extra pointer does not cancel the active drag; resizing does (12.3s)
(node:20860) Warning: The 'NO_COLOR' env is ignored due to the 'FORCE_COLOR' env being set.
(Use `node --trace-warnings ...` to show where the warning was created)
(node:20860) Warning: The 'NO_COLOR' env is ignored due to the 'FORCE_COLOR' env being set.
(Use `node --trace-warnings ...` to show where the warning was created)
  ok 176 [local-webkit] › tests\e2e\adventure-interactions.local.spec.ts:94:1 › ERR-01: unavailable artwork offers a working retry (11.7s)
  x  174 [local-webkit] › tests\e2e\adventure-interactions.local.spec.ts:11:1 › COL-01: finger paint stays clipped, survives cancellation and requires a choice (17.1s)
(node:30488) Warning: The 'NO_COLOR' env is ignored due to the 'FORCE_COLOR' env being set.
(Use `node --trace-warnings ...` to show where the warning was created)
(node:30488) Warning: The 'NO_COLOR' env is ignored due to the 'FORCE_COLOR' env being set.
(Use `node --trace-warnings ...` to show where the warning was created)
  ok 173 [local-webkit] › tests\e2e\adventure-audio.local.spec.ts:6:1 › AUDIO-01: real packaged narration plays, repeats without overlap and respects mute (33.7s)
  x  178 [local-webkit] › tests\e2e\adventure-interactions.local.spec.ts:117:3 › A11Y-01 INT-03: v2-letter-bridge accessible with enlarged controls in both orientations (23.6s)
(node:26576) Warning: The 'NO_COLOR' env is ignored due to the 'FORCE_COLOR' env being set.
(Use `node --trace-warnings ...` to show where the warning was created)
  x  177 [local-webkit] › tests\e2e\adventure-interactions.local.spec.ts:117:3 › A11Y-01 INT-03: v2-number-breakfast accessible with enlarged controls in both orientations (25.8s)
(node:26576) Warning: The 'NO_COLOR' env is ignored due to the 'FORCE_COLOR' env being set.
(Use `node --trace-warnings ...` to show where the warning was created)
  x  180 [local-webkit] › tests\e2e\adventure-interactions.local.spec.ts:117:3 › A11Y-01 INT-03: v2-color-petals accessible with enlarged controls in both orientations (22.5s)
(node:29664) Warning: The 'NO_COLOR' env is ignored due to the 'FORCE_COLOR' env being set.
(Use `node --trace-warnings ...` to show where the warning was created)
(node:22980) Warning: The 'NO_COLOR' env is ignored due to the 'FORCE_COLOR' env being set.
(Use `node --trace-warnings ...` to show where the warning was created)
(node:29664) Warning: The 'NO_COLOR' env is ignored due to the 'FORCE_COLOR' env being set.
(Use `node --trace-warnings ...` to show where the warning was created)
(node:22980) Warning: The 'NO_COLOR' env is ignored due to the 'FORCE_COLOR' env being set.
(Use `node --trace-warnings ...` to show where the warning was created)
  x  179 [local-webkit] › tests\e2e\adventure-interactions.local.spec.ts:117:3 › A11Y-01 INT-03: v2-shape-windmill accessible with enlarged controls in both orientations (24.7s)
(node:19336) Warning: The 'NO_COLOR' env is ignored due to the 'FORCE_COLOR' env being set.
(Use `node --trace-warnings ...` to show where the warning was created)
(node:19336) Warning: The 'NO_COLOR' env is ignored due to the 'FORCE_COLOR' env being set.
(Use `node --trace-warnings ...` to show where the warning was created)
  ok 183 [local-webkit] › tests\e2e\experience-visual.local.spec.ts:6:3 › letters: scene has decoded art, readable controls and no overflow (12.9s)
  ok 184 [local-webkit] › tests\e2e\experience-visual.local.spec.ts:6:3 › numbers: scene has decoded art, readable controls and no overflow (12.3s)
  ok 182 [local-webkit] › tests\e2e\adventure-prototype.local.spec.ts:4:1 › kitchen vertical slice: real quantities, evidence and celebration (16.4s)
  ok 185 [local-webkit] › tests\e2e\experience-visual.local.spec.ts:6:3 › shapes: scene has decoded art, readable controls and no overflow (12.0s)
  x  181 [local-webkit] › tests\e2e\adventure-interactions.local.spec.ts:117:3 › A11Y-01 INT-03: v2-color-orange accessible with enlarged controls in both orientations (26.1s)
(node:9332) Warning: The 'NO_COLOR' env is ignored due to the 'FORCE_COLOR' env being set.
(Use `node --trace-warnings ...` to show where the warning was created)
(node:9332) Warning: The 'NO_COLOR' env is ignored due to the 'FORCE_COLOR' env being set.
(Use `node --trace-warnings ...` to show where the warning was created)
  ok 186 [local-webkit] › tests\e2e\experience-visual.local.spec.ts:6:3 › colors: scene has decoded art, readable controls and no overflow (12.8s)
  ok 187 [local-webkit] › tests\e2e\games.local.spec.ts:16:3 › completes quiz game: אותיות (30.0s)
  ok 188 [local-webkit] › tests\e2e\games.local.spec.ts:16:3 › completes quiz game: מספרים (29.6s)
  ok 189 [local-webkit] › tests\e2e\games.local.spec.ts:16:3 › completes quiz game: צורות (29.2s)
  ok 190 [local-webkit] › tests\e2e\games.local.spec.ts:16:3 › completes quiz game: צבעים (29.3s)
  ok 194 [local-webkit] › tests\e2e\games.local.spec.ts:68:1 › completes matching game (11.7s)
  ok 191 [local-webkit] › tests\e2e\games.local.spec.ts:27:1 › marks feedback and advances only correct quiz answers automatically (25.4s)
  ok 196 [local-webkit] › tests\e2e\security.local.spec.ts:14:1 › does not use unsafe HTML/eval APIs in source or scripts (75ms)
  ok 192 [local-webkit] › tests\e2e\games.local.spec.ts:50:1 › completes patterns game (18.1s)
  ok 193 [local-webkit] › tests\e2e\games.local.spec.ts:59:1 › completes sorting game (20.6s)
  ok 197 [local-webkit] › tests\e2e\smoke.local.spec.ts:5:3 › local app smoke › opens a focused welcome screen and renders all eight games (8.3s)
  ok 198 [local-webkit] › tests\e2e\smoke.local.spec.ts:14:3 › local app smoke › loads decorative videos without exposing playback controls (7.4s)
  ok 200 [local-webkit] › tests\e2e\smoke.local.spec.ts:44:3 › local app smoke › allows profile setup without a nickname or character preference (6.7s)
  ok 195 [local-webkit] › tests\e2e\games.local.spec.ts:77:1 › completes memory game (18.1s)
  ok 199 [local-webkit] › tests\e2e\smoke.local.spec.ts:28:3 › local app smoke › persists age, difficulty, and voice locally (15.2s)
  ok 201 [local-webkit] › tests\e2e\smoke.local.spec.ts:57:3 › local app smoke › creates an additional profile only after age and difficulty are chosen (13.3s)
  ok 204 [local-webkit] › tests\e2e\smoke.local.spec.ts:125:3 › local app smoke › keeps the primary action visible at 320 by 568 (2.7s)
  -  206 [local-webkit] › tests\e2e\visual.local.spec.ts:32:1 › renders earned and unearned stars as distinct non-gray rewards
(node:28240) Warning: The 'NO_COLOR' env is ignored due to the 'FORCE_COLOR' env being set.
(Use `node --trace-warnings ...` to show where the warning was created)
  ok 202 [local-webkit] › tests\e2e\smoke.local.spec.ts:77:3 › local app smoke › keeps legal links and full local deletion behind the parental gate (12.3s)
(node:28240) Warning: The 'NO_COLOR' env is ignored due to the 'FORCE_COLOR' env being set.
(Use `node --trace-warnings ...` to show where the warning was created)
(node:29536) Warning: The 'NO_COLOR' env is ignored due to the 'FORCE_COLOR' env being set.
(Use `node --trace-warnings ...` to show where the warning was created)
(node:29536) Warning: The 'NO_COLOR' env is ignored due to the 'FORCE_COLOR' env being set.
(Use `node --trace-warnings ...` to show where the warning was created)
  ok 203 [local-webkit] › tests\e2e\smoke.local.spec.ts:112:3 › local app smoke › loads local JSON without third-party network requests (15.4s)
  ok 205 [local-webkit] › tests\e2e\visual.local.spec.ts:9:1 › keeps welcome and menu framed without overflow (9.4s)
(node:31620) Warning: The 'NO_COLOR' env is ignored due to the 'FORCE_COLOR' env being set.
(Use `node --trace-warnings ...` to show where the warning was created)
(node:31620) Warning: The 'NO_COLOR' env is ignored due to the 'FORCE_COLOR' env being set.
(Use `node --trace-warnings ...` to show where the warning was created)
  ok 207 [local-webkit] › tests\e2e\experience.local.spec.ts:11:3 › letters: complete three different mechanics and replay collection (21.6s)
  ok 208 [local-webkit] › tests\e2e\experience.local.spec.ts:11:3 › numbers: complete three different mechanics and replay collection (26.3s)
  ok 209 [local-webkit] › tests\e2e\experience.local.spec.ts:11:3 › colors: complete three different mechanics and replay collection (25.7s)
  ok 211 [local-webkit] › tests\e2e\experience.local.spec.ts:104:1 › drag, outside release, cancellation and touch sizes (8.4s)
  ok 210 [local-webkit] › tests\e2e\experience.local.spec.ts:65:1 › wrong answers, hints, double-submit and checkpoint survive reload (18.7s)
  ok 212 [local-webkit] › tests\e2e\experience.local.spec.ts:137:1 › rotation and paint are usable with taps and keyboard (10.7s)
  ok 214 [local-webkit] › tests\e2e\experience.local.spec.ts:194:1 › application background pauses play and resumes without losing state (9.4s)
  ok 213 [local-webkit] › tests\e2e\experience.local.spec.ts:155:1 › portrait and landscape preserve activity, reachable controls, accessibility (14.7s)
(node:28748) Warning: The 'NO_COLOR' env is ignored due to the 'FORCE_COLOR' env being set.
(Use `node --trace-warnings ...` to show where the warning was created)
(node:28748) Warning: The 'NO_COLOR' env is ignored due to the 'FORCE_COLOR' env being set.
(Use `node --trace-warnings ...` to show where the warning was created)
(node:12232) Warning: The 'NO_COLOR' env is ignored due to the 'FORCE_COLOR' env being set.
(Use `node --trace-warnings ...` to show where the warning was created)
(node:12232) Warning: The 'NO_COLOR' env is ignored due to the 'FORCE_COLOR' env being set.
(Use `node --trace-warnings ...` to show where the warning was created)
  ok 215 [local-webkit] › tests\e2e\experience.local.spec.ts:211:1 › LIFE-01: reload after one assembly stage resumes without duplicate evidence (14.1s)
  ok 217 [mobile-chrome] › tests\e2e\adaptive.local.spec.ts:31:3 › local personalized learning › creates, selects and deletes isolated profiles in the parent area (3.4s)
  ok 216 [mobile-chrome] › tests\e2e\adaptive.local.spec.ts:5:3 › local personalized learning › starts an adaptive plan and records item-level evidence (6.8s)
  ok 218 [mobile-chrome] › tests\e2e\adventure-audio.local.spec.ts:6:1 › AUDIO-01: real packaged narration plays, repeats without overlap and respects mute (5.4s)
  x  219 [mobile-chrome] › tests\e2e\adventure-interactions.local.spec.ts:11:1 › COL-01: finger paint stays clipped, survives cancellation and requires a choice (5.1s)
(node:3396) Warning: The 'NO_COLOR' env is ignored due to the 'FORCE_COLOR' env being set.
(Use `node --trace-warnings ...` to show where the warning was created)
(node:3396) Warning: The 'NO_COLOR' env is ignored due to the 'FORCE_COLOR' env being set.
(Use `node --trace-warnings ...` to show where the warning was created)
  x  220 [mobile-chrome] › tests\e2e\adventure-interactions.local.spec.ts:59:1 › INT-01: extra pointer does not cancel the active drag; resizing does (3.1s)
(node:29152) Warning: The 'NO_COLOR' env is ignored due to the 'FORCE_COLOR' env being set.
(Use `node --trace-warnings ...` to show where the warning was created)
(node:29152) Warning: The 'NO_COLOR' env is ignored due to the 'FORCE_COLOR' env being set.
(Use `node --trace-warnings ...` to show where the warning was created)
  ok 221 [mobile-chrome] › tests\e2e\adventure-interactions.local.spec.ts:94:1 › ERR-01: unavailable artwork offers a working retry (2.6s)
  x  222 [mobile-chrome] › tests\e2e\adventure-interactions.local.spec.ts:117:3 › A11Y-01 INT-03: v2-letter-bridge accessible with enlarged controls in both orientations (5.8s)
  x  223 [mobile-chrome] › tests\e2e\adventure-interactions.local.spec.ts:117:3 › A11Y-01 INT-03: v2-number-breakfast accessible with enlarged controls in both orientations (5.6s)
(node:27028) Warning: The 'NO_COLOR' env is ignored due to the 'FORCE_COLOR' env being set.
(Use `node --trace-warnings ...` to show where the warning was created)
(node:27028) Warning: The 'NO_COLOR' env is ignored due to the 'FORCE_COLOR' env being set.
(Use `node --trace-warnings ...` to show where the warning was created)
(node:6460) Warning: The 'NO_COLOR' env is ignored due to the 'FORCE_COLOR' env being set.
(Use `node --trace-warnings ...` to show where the warning was created)
(node:6460) Warning: The 'NO_COLOR' env is ignored due to the 'FORCE_COLOR' env being set.
(Use `node --trace-warnings ...` to show where the warning was created)
  x  224 [mobile-chrome] › tests\e2e\adventure-interactions.local.spec.ts:117:3 › A11Y-01 INT-03: v2-shape-windmill accessible with enlarged controls in both orientations (6.4s)
  x  225 [mobile-chrome] › tests\e2e\adventure-interactions.local.spec.ts:117:3 › A11Y-01 INT-03: v2-color-petals accessible with enlarged controls in both orientations (6.0s)
(node:28292) Warning: The 'NO_COLOR' env is ignored due to the 'FORCE_COLOR' env being set.
(Use `node --trace-warnings ...` to show where the warning was created)
(node:20780) Warning: The 'NO_COLOR' env is ignored due to the 'FORCE_COLOR' env being set.
(Use `node --trace-warnings ...` to show where the warning was created)
(node:28292) Warning: The 'NO_COLOR' env is ignored due to the 'FORCE_COLOR' env being set.
(Use `node --trace-warnings ...` to show where the warning was created)
(node:20780) Warning: The 'NO_COLOR' env is ignored due to the 'FORCE_COLOR' env being set.
(Use `node --trace-warnings ...` to show where the warning was created)
  ok 226 [mobile-chrome] › tests\e2e\adventure-prototype.local.spec.ts:4:1 › kitchen vertical slice: real quantities, evidence and celebration (5.3s)
  ok 228 [mobile-chrome] › tests\e2e\experience-visual.local.spec.ts:6:3 › letters: scene has decoded art, readable controls and no overflow (3.0s)
  x  227 [mobile-chrome] › tests\e2e\adventure-interactions.local.spec.ts:117:3 › A11Y-01 INT-03: v2-color-orange accessible with enlarged controls in both orientations (7.4s)
(node:9040) Warning: The 'NO_COLOR' env is ignored due to the 'FORCE_COLOR' env being set.
(Use `node --trace-warnings ...` to show where the warning was created)
(node:9040) Warning: The 'NO_COLOR' env is ignored due to the 'FORCE_COLOR' env being set.
(Use `node --trace-warnings ...` to show where the warning was created)
  ok 229 [mobile-chrome] › tests\e2e\experience-visual.local.spec.ts:6:3 › numbers: scene has decoded art, readable controls and no overflow (3.5s)
  ok 230 [mobile-chrome] › tests\e2e\experience-visual.local.spec.ts:6:3 › shapes: scene has decoded art, readable controls and no overflow (3.7s)
  ok 231 [mobile-chrome] › tests\e2e\experience-visual.local.spec.ts:6:3 › colors: scene has decoded art, readable controls and no overflow (3.5s)
  ok 232 [mobile-chrome] › tests\e2e\games.local.spec.ts:16:3 › completes quiz game: אותיות (12.9s)
  ok 233 [mobile-chrome] › tests\e2e\games.local.spec.ts:16:3 › completes quiz game: מספרים (13.7s)
  ok 234 [mobile-chrome] › tests\e2e\games.local.spec.ts:16:3 › completes quiz game: צורות (12.3s)
  ok 235 [mobile-chrome] › tests\e2e\games.local.spec.ts:16:3 › completes quiz game: צבעים (12.3s)
  ok 236 [mobile-chrome] › tests\e2e\games.local.spec.ts:27:1 › marks feedback and advances only correct quiz answers automatically (8.4s)
  ok 237 [mobile-chrome] › tests\e2e\games.local.spec.ts:50:1 › completes patterns game (7.6s)
  ok 239 [mobile-chrome] › tests\e2e\games.local.spec.ts:68:1 › completes matching game (3.2s)
  ok 238 [mobile-chrome] › tests\e2e\games.local.spec.ts:59:1 › completes sorting game (9.6s)
  ok 241 [mobile-chrome] › tests\e2e\security.local.spec.ts:14:1 › does not use unsafe HTML/eval APIs in source or scripts (55ms)
  ok 240 [mobile-chrome] › tests\e2e\games.local.spec.ts:77:1 › completes memory game (5.4s)
  ok 243 [mobile-chrome] › tests\e2e\smoke.local.spec.ts:14:3 › local app smoke › loads decorative videos without exposing playback controls (1.8s)
  ok 242 [mobile-chrome] › tests\e2e\smoke.local.spec.ts:5:3 › local app smoke › opens a focused welcome screen and renders all eight games (1.8s)
  ok 245 [mobile-chrome] › tests\e2e\smoke.local.spec.ts:44:3 › local app smoke › allows profile setup without a nickname or character preference (1.9s)
  ok 244 [mobile-chrome] › tests\e2e\smoke.local.spec.ts:28:3 › local app smoke › persists age, difficulty, and voice locally (3.3s)
  ok 246 [mobile-chrome] › tests\e2e\smoke.local.spec.ts:57:3 › local app smoke › creates an additional profile only after age and difficulty are chosen (2.7s)
  ok 247 [mobile-chrome] › tests\e2e\smoke.local.spec.ts:77:3 › local app smoke › keeps legal links and full local deletion behind the parental gate (3.2s)
  ok 249 [mobile-chrome] › tests\e2e\smoke.local.spec.ts:125:3 › local app smoke › keeps the primary action visible at 320 by 568 (1.7s)
  ok 248 [mobile-chrome] › tests\e2e\smoke.local.spec.ts:112:3 › local app smoke › loads local JSON without third-party network requests (6.9s)
  -  251 [mobile-chrome] › tests\e2e\visual.local.spec.ts:32:1 › renders earned and unearned stars as distinct non-gray rewards
(node:12884) Warning: The 'NO_COLOR' env is ignored due to the 'FORCE_COLOR' env being set.
(Use `node --trace-warnings ...` to show where the warning was created)
(node:12884) Warning: The 'NO_COLOR' env is ignored due to the 'FORCE_COLOR' env being set.
(Use `node --trace-warnings ...` to show where the warning was created)
  ok 250 [mobile-chrome] › tests\e2e\visual.local.spec.ts:9:1 › keeps welcome and menu framed without overflow (7.5s)
(node:33424) Warning: The 'NO_COLOR' env is ignored due to the 'FORCE_COLOR' env being set.
(Use `node --trace-warnings ...` to show where the warning was created)
(node:33424) Warning: The 'NO_COLOR' env is ignored due to the 'FORCE_COLOR' env being set.
(Use `node --trace-warnings ...` to show where the warning was created)
  ok 252 [mobile-chrome] › tests\e2e\experience.local.spec.ts:11:3 › letters: complete three different mechanics and replay collection (6.5s)
  ok 253 [mobile-chrome] › tests\e2e\experience.local.spec.ts:11:3 › numbers: complete three different mechanics and replay collection (6.3s)
  ok 254 [mobile-chrome] › tests\e2e\experience.local.spec.ts:11:3 › shapes: complete three different mechanics and replay collection (6.9s)
  ok 256 [mobile-chrome] › tests\e2e\experience.local.spec.ts:65:1 › wrong answers, hints, double-submit and checkpoint survive reload (4.6s)
  ok 255 [mobile-chrome] › tests\e2e\experience.local.spec.ts:11:3 › colors: complete three different mechanics and replay collection (8.1s)
  ok 257 [mobile-chrome] › tests\e2e\experience.local.spec.ts:104:1 › drag, outside release, cancellation and touch sizes (3.5s)
  ok 258 [mobile-chrome] › tests\e2e\experience.local.spec.ts:137:1 › rotation and paint are usable with taps and keyboard (4.7s)
  ok 260 [mobile-chrome] › tests\e2e\experience.local.spec.ts:194:1 › application background pauses play and resumes without losing state (2.7s)
  ok 259 [mobile-chrome] › tests\e2e\experience.local.spec.ts:155:1 › portrait and landscape preserve activity, reachable controls, accessibility (5.1s)
(node:28164) Warning: The 'NO_COLOR' env is ignored due to the 'FORCE_COLOR' env being set.
(Use `node --trace-warnings ...` to show where the warning was created)
(node:28164) Warning: The 'NO_COLOR' env is ignored due to the 'FORCE_COLOR' env being set.
(Use `node --trace-warnings ...` to show where the warning was created)
  ok 261 [mobile-chrome] › tests\e2e\experience.local.spec.ts:211:1 › LIFE-01: reload after one assembly stage resumes without duplicate evidence (4.7s)
(node:27008) Warning: The 'NO_COLOR' env is ignored due to the 'FORCE_COLOR' env being set.
(Use `node --trace-warnings ...` to show where the warning was created)
(node:27008) Warning: The 'NO_COLOR' env is ignored due to the 'FORCE_COLOR' env being set.
(Use `node --trace-warnings ...` to show where the warning was created)
  ok 262 [mobile-safari] › tests\e2e\adaptive.local.spec.ts:5:3 › local personalized learning › starts an adaptive plan and records item-level evidence (10.2s)
  ok 263 [mobile-safari] › tests\e2e\adaptive.local.spec.ts:31:3 › local personalized learning › creates, selects and deletes isolated profiles in the parent area (9.4s)
  ok 264 [mobile-safari] › tests\e2e\adaptive.local.spec.ts:55:3 › local personalized learning › offers both non-competitive shared-play modes (5.0s)
  x  266 [mobile-safari] › tests\e2e\adventure-interactions.local.spec.ts:11:1 › COL-01: finger paint stays clipped, survives cancellation and requires a choice (7.2s)
(node:8808) Warning: The 'NO_COLOR' env is ignored due to the 'FORCE_COLOR' env being set.
(Use `node --trace-warnings ...` to show where the warning was created)
(node:8808) Warning: The 'NO_COLOR' env is ignored due to the 'FORCE_COLOR' env being set.
(Use `node --trace-warnings ...` to show where the warning was created)
  ok 265 [mobile-safari] › tests\e2e\adventure-audio.local.spec.ts:6:1 › AUDIO-01: real packaged narration plays, repeats without overlap and respects mute (14.7s)
  x  267 [mobile-safari] › tests\e2e\adventure-interactions.local.spec.ts:59:1 › INT-01: extra pointer does not cancel the active drag; resizing does (6.2s)
(node:10624) Warning: The 'NO_COLOR' env is ignored due to the 'FORCE_COLOR' env being set.
(Use `node --trace-warnings ...` to show where the warning was created)
(node:10624) Warning: The 'NO_COLOR' env is ignored due to the 'FORCE_COLOR' env being set.
(Use `node --trace-warnings ...` to show where the warning was created)
  ok 268 [mobile-safari] › tests\e2e\adventure-interactions.local.spec.ts:94:1 › ERR-01: unavailable artwork offers a working retry (5.9s)
  x  269 [mobile-safari] › tests\e2e\adventure-interactions.local.spec.ts:117:3 › A11Y-01 INT-03: v2-letter-bridge accessible with enlarged controls in both orientations (11.0s)
(node:9092) Warning: The 'NO_COLOR' env is ignored due to the 'FORCE_COLOR' env being set.
(Use `node --trace-warnings ...` to show where the warning was created)
(node:9092) Warning: The 'NO_COLOR' env is ignored due to the 'FORCE_COLOR' env being set.
(Use `node --trace-warnings ...` to show where the warning was created)
  x  270 [mobile-safari] › tests\e2e\adventure-interactions.local.spec.ts:117:3 › A11Y-01 INT-03: v2-number-breakfast accessible with enlarged controls in both orientations (10.9s)
(node:20448) Warning: The 'NO_COLOR' env is ignored due to the 'FORCE_COLOR' env being set.
(Use `node --trace-warnings ...` to show where the warning was created)
(node:20448) Warning: The 'NO_COLOR' env is ignored due to the 'FORCE_COLOR' env being set.
(Use `node --trace-warnings ...` to show where the warning was created)
  x  271 [mobile-safari] › tests\e2e\adventure-interactions.local.spec.ts:117:3 › A11Y-01 INT-03: v2-shape-windmill accessible with enlarged controls in both orientations (11.2s)
(node:11912) Warning: The 'NO_COLOR' env is ignored due to the 'FORCE_COLOR' env being set.
(Use `node --trace-warnings ...` to show where the warning was created)
(node:11912) Warning: The 'NO_COLOR' env is ignored due to the 'FORCE_COLOR' env being set.
(Use `node --trace-warnings ...` to show where the warning was created)
  x  272 [mobile-safari] › tests\e2e\adventure-interactions.local.spec.ts:117:3 › A11Y-01 INT-03: v2-color-petals accessible with enlarged controls in both orientations (10.7s)
(node:29152) Warning: The 'NO_COLOR' env is ignored due to the 'FORCE_COLOR' env being set.
(Use `node --trace-warnings ...` to show where the warning was created)
(node:29152) Warning: The 'NO_COLOR' env is ignored due to the 'FORCE_COLOR' env being set.
(Use `node --trace-warnings ...` to show where the warning was created)
  ok 274 [mobile-safari] › tests\e2e\adventure-prototype.local.spec.ts:4:1 › kitchen vertical slice: real quantities, evidence and celebration (8.7s)
  x  273 [mobile-safari] › tests\e2e\adventure-interactions.local.spec.ts:117:3 › A11Y-01 INT-03: v2-color-orange accessible with enlarged controls in both orientations (12.2s)
(node:24184) Warning: The 'NO_COLOR' env is ignored due to the 'FORCE_COLOR' env being set.
(Use `node --trace-warnings ...` to show where the warning was created)
(node:24184) Warning: The 'NO_COLOR' env is ignored due to the 'FORCE_COLOR' env being set.
(Use `node --trace-warnings ...` to show where the warning was created)
  ok 275 [mobile-safari] › tests\e2e\experience-visual.local.spec.ts:6:3 › letters: scene has decoded art, readable controls and no overflow (7.7s)
  ok 276 [mobile-safari] › tests\e2e\experience-visual.local.spec.ts:6:3 › numbers: scene has decoded art, readable controls and no overflow (7.3s)
  ok 277 [mobile-safari] › tests\e2e\experience-visual.local.spec.ts:6:3 › shapes: scene has decoded art, readable controls and no overflow (6.6s)
  ok 278 [mobile-safari] › tests\e2e\experience-visual.local.spec.ts:6:3 › colors: scene has decoded art, readable controls and no overflow (6.4s)
  ok 279 [mobile-safari] › tests\e2e\games.local.spec.ts:16:3 › completes quiz game: אותיות (19.5s)
  ok 280 [mobile-safari] › tests\e2e\games.local.spec.ts:16:3 › completes quiz game: מספרים (18.6s)
Error: worker-41 process did not exit within 300000ms after stop, force-killed it
Error: worker-41 process did not exit within 300000ms after stop, force-killed it
(node:28408) Warning: The 'NO_COLOR' env is ignored due to the 'FORCE_COLOR' env being set.
(Use `node --trace-warnings ...` to show where the warning was created)
(node:28408) Warning: The 'NO_COLOR' env is ignored due to the 'FORCE_COLOR' env being set.
(Use `node --trace-warnings ...` to show where the warning was created)
  ok 281 [mobile-safari] › tests\e2e\games.local.spec.ts:16:3 › completes quiz game: צורות (19.7s)
  ok 282 [mobile-safari] › tests\e2e\games.local.spec.ts:16:3 › completes quiz game: צבעים (18.8s)
  ok 285 [mobile-safari] › tests\e2e\games.local.spec.ts:50:1 › completes patterns game (13.6s)
  ok 284 [mobile-safari] › tests\e2e\games.local.spec.ts:27:1 › marks feedback and advances only correct quiz answers automatically (19.0s)
  ok 283 [local-webkit] › tests\e2e\experience.local.spec.ts:11:3 › shapes: complete three different mechanics and replay collection (29.0s)
(node:11496) Warning: The 'NO_COLOR' env is ignored due to the 'FORCE_COLOR' env being set.
(Use `node --trace-warnings ...` to show where the warning was created)
(node:11496) Warning: The 'NO_COLOR' env is ignored due to the 'FORCE_COLOR' env being set.
(Use `node --trace-warnings ...` to show where the warning was created)
  ok 287 [mobile-safari] › tests\e2e\games.local.spec.ts:68:1 › completes matching game (7.5s)
  ok 289 [mobile-safari] › tests\e2e\security.local.spec.ts:14:1 › does not use unsafe HTML/eval APIs in source or scripts (71ms)
  ok 290 [mobile-safari] › tests\e2e\smoke.local.spec.ts:5:3 › local app smoke › opens a focused welcome screen and renders all eight games (4.8s)
  ok 286 [mobile-safari] › tests\e2e\games.local.spec.ts:59:1 › completes sorting game (17.8s)
  ok 291 [mobile-safari] › tests\e2e\smoke.local.spec.ts:14:3 › local app smoke › loads decorative videos without exposing playback controls (5.3s)
  ok 288 [mobile-safari] › tests\e2e\games.local.spec.ts:77:1 › completes memory game (13.5s)
  ok 293 [mobile-safari] › tests\e2e\smoke.local.spec.ts:44:3 › local app smoke › allows profile setup without a nickname or character preference (5.6s)
Error: worker-45 process did not exit within 300000ms after stop, force-killed it
  ok 292 [mobile-safari] › tests\e2e\smoke.local.spec.ts:28:3 › local app smoke › persists age, difficulty, and voice locally (11.6s)
(node:23560) Warning: The 'NO_COLOR' env is ignored due to the 'FORCE_COLOR' env being set.
(Use `node --trace-warnings ...` to show where the warning was created)
(node:23560) Warning: The 'NO_COLOR' env is ignored due to the 'FORCE_COLOR' env being set.
(Use `node --trace-warnings ...` to show where the warning was created)
  ok 294 [mobile-safari] › tests\e2e\smoke.local.spec.ts:57:3 › local app smoke › creates an additional profile only after age and difficulty are chosen (9.5s)
  ok 297 [mobile-safari] › tests\e2e\smoke.local.spec.ts:125:3 › local app smoke › keeps the primary action visible at 320 by 568 (3.6s)
  ok 298 [mobile-chrome] › tests\e2e\adaptive.local.spec.ts:55:3 › local personalized learning › offers both non-competitive shared-play modes (3.0s)
(node:13304) Warning: The 'NO_COLOR' env is ignored due to the 'FORCE_COLOR' env being set.
(Use `node --trace-warnings ...` to show where the warning was created)
(node:13304) Warning: The 'NO_COLOR' env is ignored due to the 'FORCE_COLOR' env being set.
(Use `node --trace-warnings ...` to show where the warning was created)
  ok 295 [mobile-safari] › tests\e2e\smoke.local.spec.ts:77:3 › local app smoke › keeps legal links and full local deletion behind the parental gate (12.0s)
  -  300 [mobile-safari] › tests\e2e\visual.local.spec.ts:32:1 › renders earned and unearned stars as distinct non-gray rewards
(node:29300) Warning: The 'NO_COLOR' env is ignored due to the 'FORCE_COLOR' env being set.
(Use `node --trace-warnings ...` to show where the warning was created)
(node:29300) Warning: The 'NO_COLOR' env is ignored due to the 'FORCE_COLOR' env being set.
(Use `node --trace-warnings ...` to show where the warning was created)
(node:1100) Warning: The 'NO_COLOR' env is ignored due to the 'FORCE_COLOR' env being set.
(Use `node --trace-warnings ...` to show where the warning was created)
(node:1100) Warning: The 'NO_COLOR' env is ignored due to the 'FORCE_COLOR' env being set.
(Use `node --trace-warnings ...` to show where the warning was created)
  ok 296 [mobile-safari] › tests\e2e\smoke.local.spec.ts:112:3 › local app smoke › loads local JSON without third-party network requests (15.1s)
(node:19696) Warning: The 'NO_COLOR' env is ignored due to the 'FORCE_COLOR' env being set.
(Use `node --trace-warnings ...` to show where the warning was created)
(node:19696) Warning: The 'NO_COLOR' env is ignored due to the 'FORCE_COLOR' env being set.
(Use `node --trace-warnings ...` to show where the warning was created)
  x  299 [mobile-safari] › tests\e2e\visual.local.spec.ts:9:1 › keeps welcome and menu framed without overflow (13.9s)
(node:7724) Warning: The 'NO_COLOR' env is ignored due to the 'FORCE_COLOR' env being set.
(Use `node --trace-warnings ...` to show where the warning was created)
(node:7724) Warning: The 'NO_COLOR' env is ignored due to the 'FORCE_COLOR' env being set.
(Use `node --trace-warnings ...` to show where the warning was created)
  ok 301 [mobile-safari] › tests\e2e\experience.local.spec.ts:11:3 › letters: complete three different mechanics and replay collection (24.2s)
  ok 302 [mobile-safari] › tests\e2e\experience.local.spec.ts:11:3 › numbers: complete three different mechanics and replay collection (29.3s)
  ok 303 [mobile-safari] › tests\e2e\experience.local.spec.ts:11:3 › shapes: complete three different mechanics and replay collection (32.4s)
  ok 306 [mobile-safari] › tests\e2e\experience.local.spec.ts:104:1 › drag, outside release, cancellation and touch sizes (9.1s)
  ok 304 [mobile-safari] › tests\e2e\experience.local.spec.ts:11:3 › colors: complete three different mechanics and replay collection (29.7s)
  ok 305 [mobile-safari] › tests\e2e\experience.local.spec.ts:65:1 › wrong answers, hints, double-submit and checkpoint survive reload (18.9s)
  ok 307 [mobile-safari] › tests\e2e\experience.local.spec.ts:137:1 › rotation and paint are usable with taps and keyboard (11.1s)
(node:11916) Warning: The 'NO_COLOR' env is ignored due to the 'FORCE_COLOR' env being set.
(Use `node --trace-warnings ...` to show where the warning was created)
(node:11916) Warning: The 'NO_COLOR' env is ignored due to the 'FORCE_COLOR' env being set.
(Use `node --trace-warnings ...` to show where the warning was created)
  ok 309 [mobile-safari] › tests\e2e\experience.local.spec.ts:194:1 › application background pauses play and resumes without losing state (10.9s)
(node:21036) Warning: The 'NO_COLOR' env is ignored due to the 'FORCE_COLOR' env being set.
(Use `node --trace-warnings ...` to show where the warning was created)
(node:21036) Warning: The 'NO_COLOR' env is ignored due to the 'FORCE_COLOR' env being set.
(Use `node --trace-warnings ...` to show where the warning was created)
  ok 308 [mobile-safari] › tests\e2e\experience.local.spec.ts:155:1 › portrait and landscape preserve activity, reachable controls, accessibility (15.0s)
(node:7120) Warning: The 'NO_COLOR' env is ignored due to the 'FORCE_COLOR' env being set.
(Use `node --trace-warnings ...` to show where the warning was created)
(node:7120) Warning: The 'NO_COLOR' env is ignored due to the 'FORCE_COLOR' env being set.
(Use `node --trace-warnings ...` to show where the warning was created)
  ok 311 [mobile-android-tablet] › tests\e2e\adaptive.local.spec.ts:5:3 › local personalized learning › starts an adaptive plan and records item-level evidence (7.2s)
  ok 312 [mobile-android-tablet] › tests\e2e\adaptive.local.spec.ts:31:3 › local personalized learning › creates, selects and deletes isolated profiles in the parent area (4.6s)
  ok 313 [mobile-android-tablet] › tests\e2e\adaptive.local.spec.ts:55:3 › local personalized learning › offers both non-competitive shared-play modes (4.2s)
  ok 310 [mobile-safari] › tests\e2e\experience.local.spec.ts:211:1 › LIFE-01: reload after one assembly stage resumes without duplicate evidence (19.0s)
(node:15592) Warning: The 'NO_COLOR' env is ignored due to the 'FORCE_COLOR' env being set.
(Use `node --trace-warnings ...` to show where the warning was created)
(node:15592) Warning: The 'NO_COLOR' env is ignored due to the 'FORCE_COLOR' env being set.
(Use `node --trace-warnings ...` to show where the warning was created)
  ok 314 [mobile-android-tablet] › tests\e2e\adventure-audio.local.spec.ts:6:1 › AUDIO-01: real packaged narration plays, repeats without overlap and respects mute (10.1s)
  ok 317 [mobile-android-tablet] › tests\e2e\adventure-interactions.local.spec.ts:94:1 › ERR-01: unavailable artwork offers a working retry (3.9s)
  x  315 [mobile-android-tablet] › tests\e2e\adventure-interactions.local.spec.ts:11:1 › COL-01: finger paint stays clipped, survives cancellation and requires a choice (9.6s)
  x  316 [mobile-android-tablet] › tests\e2e\adventure-interactions.local.spec.ts:59:1 › INT-01: extra pointer does not cancel the active drag; resizing does (6.7s)
(node:20400) Warning: The 'NO_COLOR' env is ignored due to the 'FORCE_COLOR' env being set.
(Use `node --trace-warnings ...` to show where the warning was created)
(node:14420) Warning: The 'NO_COLOR' env is ignored due to the 'FORCE_COLOR' env being set.
(Use `node --trace-warnings ...` to show where the warning was created)
(node:20400) Warning: The 'NO_COLOR' env is ignored due to the 'FORCE_COLOR' env being set.
(Use `node --trace-warnings ...` to show where the warning was created)
(node:14420) Warning: The 'NO_COLOR' env is ignored due to the 'FORCE_COLOR' env being set.
(Use `node --trace-warnings ...` to show where the warning was created)
  x  318 [mobile-android-tablet] › tests\e2e\adventure-interactions.local.spec.ts:117:3 › A11Y-01 INT-03: v2-letter-bridge accessible with enlarged controls in both orientations (10.5s)
  x  319 [mobile-android-tablet] › tests\e2e\adventure-interactions.local.spec.ts:117:3 › A11Y-01 INT-03: v2-number-breakfast accessible with enlarged controls in both orientations (11.1s)
(node:12128) Warning: The 'NO_COLOR' env is ignored due to the 'FORCE_COLOR' env being set.
(Use `node --trace-warnings ...` to show where the warning was created)
(node:12128) Warning: The 'NO_COLOR' env is ignored due to the 'FORCE_COLOR' env being set.
(Use `node --trace-warnings ...` to show where the warning was created)
(node:25684) Warning: The 'NO_COLOR' env is ignored due to the 'FORCE_COLOR' env being set.
(Use `node --trace-warnings ...` to show where the warning was created)
(node:25684) Warning: The 'NO_COLOR' env is ignored due to the 'FORCE_COLOR' env being set.
(Use `node --trace-warnings ...` to show where the warning was created)
  x  321 [mobile-android-tablet] › tests\e2e\adventure-interactions.local.spec.ts:117:3 › A11Y-01 INT-03: v2-color-petals accessible with enlarged controls in both orientations (12.5s)
  x  320 [mobile-android-tablet] › tests\e2e\adventure-interactions.local.spec.ts:117:3 › A11Y-01 INT-03: v2-shape-windmill accessible with enlarged controls in both orientations (12.9s)
(node:9052) Warning: The 'NO_COLOR' env is ignored due to the 'FORCE_COLOR' env being set.
(Use `node --trace-warnings ...` to show where the warning was created)
(node:33592) Warning: The 'NO_COLOR' env is ignored due to the 'FORCE_COLOR' env being set.
(Use `node --trace-warnings ...` to show where the warning was created)
(node:9052) Warning: The 'NO_COLOR' env is ignored due to the 'FORCE_COLOR' env being set.
(Use `node --trace-warnings ...` to show where the warning was created)
(node:33592) Warning: The 'NO_COLOR' env is ignored due to the 'FORCE_COLOR' env being set.
(Use `node --trace-warnings ...` to show where the warning was created)
  ok 323 [mobile-android-tablet] › tests\e2e\adventure-prototype.local.spec.ts:4:1 › kitchen vertical slice: real quantities, evidence and celebration (10.1s)
  x  322 [mobile-android-tablet] › tests\e2e\adventure-interactions.local.spec.ts:117:3 › A11Y-01 INT-03: v2-color-orange accessible with enlarged controls in both orientations (12.1s)
(node:21072) Warning: The 'NO_COLOR' env is ignored due to the 'FORCE_COLOR' env being set.
(Use `node --trace-warnings ...` to show where the warning was created)
(node:21072) Warning: The 'NO_COLOR' env is ignored due to the 'FORCE_COLOR' env being set.
(Use `node --trace-warnings ...` to show where the warning was created)
  ok 324 [mobile-android-tablet] › tests\e2e\experience-visual.local.spec.ts:6:3 › letters: scene has decoded art, readable controls and no overflow (9.9s)
  ok 325 [mobile-android-tablet] › tests\e2e\experience-visual.local.spec.ts:6:3 › numbers: scene has decoded art, readable controls and no overflow (11.1s)
  ok 326 [mobile-android-tablet] › tests\e2e\experience-visual.local.spec.ts:6:3 › shapes: scene has decoded art, readable controls and no overflow (10.0s)
  ok 327 [mobile-android-tablet] › tests\e2e\experience-visual.local.spec.ts:6:3 › colors: scene has decoded art, readable controls and no overflow (11.3s)
  ok 328 [mobile-android-tablet] › tests\e2e\games.local.spec.ts:16:3 › completes quiz game: אותיות (19.5s)
  ok 329 [mobile-android-tablet] › tests\e2e\games.local.spec.ts:16:3 › completes quiz game: מספרים (19.7s)
  ok 330 [mobile-android-tablet] › tests\e2e\games.local.spec.ts:16:3 › completes quiz game: צורות (21.1s)
  ok 331 [mobile-android-tablet] › tests\e2e\games.local.spec.ts:16:3 › completes quiz game: צבעים (20.1s)
  ok 332 [mobile-android-tablet] › tests\e2e\games.local.spec.ts:27:1 › marks feedback and advances only correct quiz answers automatically (10.4s)
  ok 333 [mobile-android-tablet] › tests\e2e\games.local.spec.ts:50:1 › completes patterns game (14.1s)
  ok 337 [mobile-android-tablet] › tests\e2e\security.local.spec.ts:14:1 › does not use unsafe HTML/eval APIs in source or scripts (117ms)
  ok 335 [mobile-android-tablet] › tests\e2e\games.local.spec.ts:68:1 › completes matching game (9.9s)
  ok 334 [mobile-android-tablet] › tests\e2e\games.local.spec.ts:59:1 › completes sorting game (17.2s)
  ok 338 [mobile-android-tablet] › tests\e2e\smoke.local.spec.ts:5:3 › local app smoke › opens a focused welcome screen and renders all eight games (6.2s)
  ok 336 [mobile-android-tablet] › tests\e2e\games.local.spec.ts:77:1 › completes memory game (13.2s)
  ok 339 [mobile-android-tablet] › tests\e2e\smoke.local.spec.ts:14:3 › local app smoke › loads decorative videos without exposing playback controls (6.5s)
  ok 341 [mobile-android-tablet] › tests\e2e\smoke.local.spec.ts:44:3 › local app smoke › allows profile setup without a nickname or character preference (6.0s)
  ok 340 [mobile-android-tablet] › tests\e2e\smoke.local.spec.ts:28:3 › local app smoke › persists age, difficulty, and voice locally (6.8s)
  ok 342 [mobile-android-tablet] › tests\e2e\smoke.local.spec.ts:57:3 › local app smoke › creates an additional profile only after age and difficulty are chosen (7.6s)
  ok 345 [mobile-android-tablet] › tests\e2e\smoke.local.spec.ts:125:3 › local app smoke › keeps the primary action visible at 320 by 568 (3.4s)
  ok 343 [mobile-android-tablet] › tests\e2e\smoke.local.spec.ts:77:3 › local app smoke › keeps legal links and full local deletion behind the parental gate (6.8s)
  -  347 [mobile-android-tablet] › tests\e2e\visual.local.spec.ts:32:1 › renders earned and unearned stars as distinct non-gray rewards
(node:11928) Warning: The 'NO_COLOR' env is ignored due to the 'FORCE_COLOR' env being set.
(Use `node --trace-warnings ...` to show where the warning was created)
(node:11928) Warning: The 'NO_COLOR' env is ignored due to the 'FORCE_COLOR' env being set.
(Use `node --trace-warnings ...` to show where the warning was created)
(node:26876) Warning: The 'NO_COLOR' env is ignored due to the 'FORCE_COLOR' env being set.
(Use `node --trace-warnings ...` to show where the warning was created)
(node:26876) Warning: The 'NO_COLOR' env is ignored due to the 'FORCE_COLOR' env being set.
(Use `node --trace-warnings ...` to show where the warning was created)
  ok 344 [mobile-android-tablet] › tests\e2e\smoke.local.spec.ts:112:3 › local app smoke › loads local JSON without third-party network requests (9.1s)
(node:28812) Warning: The 'NO_COLOR' env is ignored due to the 'FORCE_COLOR' env being set.
(Use `node --trace-warnings ...` to show where the warning was created)
(node:28812) Warning: The 'NO_COLOR' env is ignored due to the 'FORCE_COLOR' env being set.
(Use `node --trace-warnings ...` to show where the warning was created)
  ok 346 [mobile-android-tablet] › tests\e2e\visual.local.spec.ts:9:1 › keeps welcome and menu framed without overflow (14.7s)
(node:34304) Warning: The 'NO_COLOR' env is ignored due to the 'FORCE_COLOR' env being set.
(Use `node --trace-warnings ...` to show where the warning was created)
(node:34304) Warning: The 'NO_COLOR' env is ignored due to the 'FORCE_COLOR' env being set.
(Use `node --trace-warnings ...` to show where the warning was created)
  ok 348 [mobile-android-tablet] › tests\e2e\experience.local.spec.ts:11:3 › letters: complete three different mechanics and replay collection (11.5s)
  ok 349 [mobile-android-tablet] › tests\e2e\experience.local.spec.ts:11:3 › numbers: complete three different mechanics and replay collection (12.7s)
  ok 350 [mobile-android-tablet] › tests\e2e\experience.local.spec.ts:11:3 › shapes: complete three different mechanics and replay collection (13.3s)
  ok 351 [mobile-android-tablet] › tests\e2e\experience.local.spec.ts:65:1 › wrong answers, hints, double-submit and checkpoint survive reload (7.8s)
  ok 353 [mobile-android-tablet] › tests\e2e\experience.local.spec.ts:104:1 › drag, outside release, cancellation and touch sizes (8.2s)
  ok 354 [mobile-android-tablet] › tests\e2e\experience.local.spec.ts:137:1 › rotation and paint are usable with taps and keyboard (6.3s)
  ok 356 [mobile-android-tablet] › tests\e2e\experience.local.spec.ts:194:1 › application background pauses play and resumes without losing state (5.6s)
  ok 352 [mobile-android-tablet] › tests\e2e\experience.local.spec.ts:11:3 › colors: complete three different mechanics and replay collection (15.3s)
(node:964) Warning: The 'NO_COLOR' env is ignored due to the 'FORCE_COLOR' env being set.
(Use `node --trace-warnings ...` to show where the warning was created)
(node:964) Warning: The 'NO_COLOR' env is ignored due to the 'FORCE_COLOR' env being set.
(Use `node --trace-warnings ...` to show where the warning was created)
  ok 355 [mobile-android-tablet] › tests\e2e\experience.local.spec.ts:155:1 › portrait and landscape preserve activity, reachable controls, accessibility (9.1s)
(node:9040) Warning: The 'NO_COLOR' env is ignored due to the 'FORCE_COLOR' env being set.
(Use `node --trace-warnings ...` to show where the warning was created)
(node:9040) Warning: The 'NO_COLOR' env is ignored due to the 'FORCE_COLOR' env being set.
(Use `node --trace-warnings ...` to show where the warning was created)
(node:26764) Warning: The 'NO_COLOR' env is ignored due to the 'FORCE_COLOR' env being set.
(Use `node --trace-warnings ...` to show where the warning was created)
(node:26764) Warning: The 'NO_COLOR' env is ignored due to the 'FORCE_COLOR' env being set.
(Use `node --trace-warnings ...` to show where the warning was created)
  ok 357 [mobile-android-tablet] › tests\e2e\experience.local.spec.ts:211:1 › LIFE-01: reload after one assembly stage resumes without duplicate evidence (6.4s)
(node:33624) Warning: The 'NO_COLOR' env is ignored due to the 'FORCE_COLOR' env being set.
(Use `node --trace-warnings ...` to show where the warning was created)
(node:33624) Warning: The 'NO_COLOR' env is ignored due to the 'FORCE_COLOR' env being set.
(Use `node --trace-warnings ...` to show where the warning was created)
  ok 360 [mobile-ipad] › tests\e2e\adaptive.local.spec.ts:55:3 › local personalized learning › offers both non-competitive shared-play modes (10.6s)
  ok 358 [mobile-ipad] › tests\e2e\adaptive.local.spec.ts:5:3 › local personalized learning › starts an adaptive plan and records item-level evidence (15.8s)
  ok 359 [mobile-ipad] › tests\e2e\adaptive.local.spec.ts:31:3 › local personalized learning › creates, selects and deletes isolated profiles in the parent area (18.4s)
  x  362 [mobile-ipad] › tests\e2e\adventure-interactions.local.spec.ts:11:1 › COL-01: finger paint stays clipped, survives cancellation and requires a choice (14.2s)
  ok 364 [mobile-ipad] › tests\e2e\adventure-interactions.local.spec.ts:94:1 › ERR-01: unavailable artwork offers a working retry (9.0s)
  x  363 [mobile-ipad] › tests\e2e\adventure-interactions.local.spec.ts:59:1 › INT-01: extra pointer does not cancel the active drag; resizing does (11.4s)
(node:28140) Warning: The 'NO_COLOR' env is ignored due to the 'FORCE_COLOR' env being set.
(Use `node --trace-warnings ...` to show where the warning was created)
(node:28140) Warning: The 'NO_COLOR' env is ignored due to the 'FORCE_COLOR' env being set.
(Use `node --trace-warnings ...` to show where the warning was created)
(node:26860) Warning: The 'NO_COLOR' env is ignored due to the 'FORCE_COLOR' env being set.
(Use `node --trace-warnings ...` to show where the warning was created)
(node:26860) Warning: The 'NO_COLOR' env is ignored due to the 'FORCE_COLOR' env being set.
(Use `node --trace-warnings ...` to show where the warning was created)
  ok 361 [mobile-ipad] › tests\e2e\adventure-audio.local.spec.ts:6:1 › AUDIO-01: real packaged narration plays, repeats without overlap and respects mute (28.0s)
  x  365 [mobile-ipad] › tests\e2e\adventure-interactions.local.spec.ts:117:3 › A11Y-01 INT-03: v2-number-breakfast accessible with enlarged controls in both orientations (21.9s)
  x  366 [mobile-ipad] › tests\e2e\adventure-interactions.local.spec.ts:117:3 › A11Y-01 INT-03: v2-letter-bridge accessible with enlarged controls in both orientations (20.2s)
(node:6124) Warning: The 'NO_COLOR' env is ignored due to the 'FORCE_COLOR' env being set.
(Use `node --trace-warnings ...` to show where the warning was created)
(node:28408) Warning: The 'NO_COLOR' env is ignored due to the 'FORCE_COLOR' env being set.
(Use `node --trace-warnings ...` to show where the warning was created)
(node:6124) Warning: The 'NO_COLOR' env is ignored due to the 'FORCE_COLOR' env being set.
(Use `node --trace-warnings ...` to show where the warning was created)
(node:28408) Warning: The 'NO_COLOR' env is ignored due to the 'FORCE_COLOR' env being set.
(Use `node --trace-warnings ...` to show where the warning was created)
  x  368 [mobile-ipad] › tests\e2e\adventure-interactions.local.spec.ts:117:3 › A11Y-01 INT-03: v2-color-petals accessible with enlarged controls in both orientations (19.0s)
  x  367 [mobile-ipad] › tests\e2e\adventure-interactions.local.spec.ts:117:3 › A11Y-01 INT-03: v2-shape-windmill accessible with enlarged controls in both orientations (21.5s)
(node:33900) Warning: The 'NO_COLOR' env is ignored due to the 'FORCE_COLOR' env being set.
(Use `node --trace-warnings ...` to show where the warning was created)
(node:33900) Warning: The 'NO_COLOR' env is ignored due to the 'FORCE_COLOR' env being set.
(Use `node --trace-warnings ...` to show where the warning was created)
(node:31280) Warning: The 'NO_COLOR' env is ignored due to the 'FORCE_COLOR' env being set.
(Use `node --trace-warnings ...` to show where the warning was created)
(node:31280) Warning: The 'NO_COLOR' env is ignored due to the 'FORCE_COLOR' env being set.
(Use `node --trace-warnings ...` to show where the warning was created)
  ok 369 [mobile-ipad] › tests\e2e\adventure-prototype.local.spec.ts:4:1 › kitchen vertical slice: real quantities, evidence and celebration (16.1s)
  ok 371 [mobile-ipad] › tests\e2e\experience-visual.local.spec.ts:6:3 › letters: scene has decoded art, readable controls and no overflow (12.5s)
  ok 372 [mobile-ipad] › tests\e2e\experience-visual.local.spec.ts:6:3 › numbers: scene has decoded art, readable controls and no overflow (13.8s)
  ok 373 [mobile-ipad] › tests\e2e\experience-visual.local.spec.ts:6:3 › colors: scene has decoded art, readable controls and no overflow (10.8s)
  ok 374 [mobile-ipad] › tests\e2e\experience-visual.local.spec.ts:6:3 › shapes: scene has decoded art, readable controls and no overflow (11.0s)
  x  370 [mobile-ipad] › tests\e2e\adventure-interactions.local.spec.ts:117:3 › A11Y-01 INT-03: v2-color-orange accessible with enlarged controls in both orientations (27.1s)
(node:10756) Warning: The 'NO_COLOR' env is ignored due to the 'FORCE_COLOR' env being set.
(Use `node --trace-warnings ...` to show where the warning was created)
(node:10756) Warning: The 'NO_COLOR' env is ignored due to the 'FORCE_COLOR' env being set.
(Use `node --trace-warnings ...` to show where the warning was created)
  ok 375 [mobile-ipad] › tests\e2e\games.local.spec.ts:16:3 › completes quiz game: אותיות (30.3s)
  ok 376 [mobile-ipad] › tests\e2e\games.local.spec.ts:16:3 › completes quiz game: מספרים (27.3s)
  ok 377 [mobile-ipad] › tests\e2e\games.local.spec.ts:16:3 › completes quiz game: צורות (29.2s)
  ok 378 [mobile-ipad] › tests\e2e\games.local.spec.ts:16:3 › completes quiz game: צבעים (30.9s)
  ok 379 [mobile-ipad] › tests\e2e\games.local.spec.ts:27:1 › marks feedback and advances only correct quiz answers automatically (23.3s)
  ok 380 [mobile-ipad] › tests\e2e\games.local.spec.ts:50:1 › completes patterns game (18.0s)
  ok 384 [mobile-ipad] › tests\e2e\security.local.spec.ts:14:1 › does not use unsafe HTML/eval APIs in source or scripts (96ms)
  ok 382 [mobile-ipad] › tests\e2e\games.local.spec.ts:68:1 › completes matching game (11.9s)
  ok 381 [mobile-ipad] › tests\e2e\games.local.spec.ts:59:1 › completes sorting game (22.1s)
  ok 385 [mobile-ipad] › tests\e2e\smoke.local.spec.ts:5:3 › local app smoke › opens a focused welcome screen and renders all eight games (8.2s)
  ok 386 [mobile-ipad] › tests\e2e\smoke.local.spec.ts:14:3 › local app smoke › loads decorative videos without exposing playback controls (7.5s)
  ok 388 [mobile-ipad] › tests\e2e\smoke.local.spec.ts:44:3 › local app smoke › allows profile setup without a nickname or character preference (6.8s)
  ok 383 [mobile-ipad] › tests\e2e\games.local.spec.ts:77:1 › completes memory game (18.4s)
  ok 387 [mobile-ipad] › tests\e2e\smoke.local.spec.ts:28:3 › local app smoke › persists age, difficulty, and voice locally (15.4s)
  ok 389 [mobile-ipad] › tests\e2e\smoke.local.spec.ts:57:3 › local app smoke › creates an additional profile only after age and difficulty are chosen (12.9s)
  ok 392 [mobile-ipad] › tests\e2e\smoke.local.spec.ts:125:3 › local app smoke › keeps the primary action visible at 320 by 568 (2.0s)
  -  394 [mobile-ipad] › tests\e2e\visual.local.spec.ts:32:1 › renders earned and unearned stars as distinct non-gray rewards
(node:31056) Warning: The 'NO_COLOR' env is ignored due to the 'FORCE_COLOR' env being set.
(Use `node --trace-warnings ...` to show where the warning was created)
(node:31056) Warning: The 'NO_COLOR' env is ignored due to the 'FORCE_COLOR' env being set.
(Use `node --trace-warnings ...` to show where the warning was created)
  ok 390 [mobile-ipad] › tests\e2e\smoke.local.spec.ts:77:3 › local app smoke › keeps legal links and full local deletion behind the parental gate (13.0s)
(node:29964) Warning: The 'NO_COLOR' env is ignored due to the 'FORCE_COLOR' env being set.
(Use `node --trace-warnings ...` to show where the warning was created)
(node:29964) Warning: The 'NO_COLOR' env is ignored due to the 'FORCE_COLOR' env being set.
(Use `node --trace-warnings ...` to show where the warning was created)
  ok 393 [mobile-ipad] › tests\e2e\visual.local.spec.ts:9:1 › keeps welcome and menu framed without overflow (10.9s)
  ok 391 [mobile-ipad] › tests\e2e\smoke.local.spec.ts:112:3 › local app smoke › loads local JSON without third-party network requests (16.6s)
(node:14864) Warning: The 'NO_COLOR' env is ignored due to the 'FORCE_COLOR' env being set.
(Use `node --trace-warnings ...` to show where the warning was created)
(node:14864) Warning: The 'NO_COLOR' env is ignored due to the 'FORCE_COLOR' env being set.
(Use `node --trace-warnings ...` to show where the warning was created)
(node:20904) Warning: The 'NO_COLOR' env is ignored due to the 'FORCE_COLOR' env being set.
(Use `node --trace-warnings ...` to show where the warning was created)
(node:20904) Warning: The 'NO_COLOR' env is ignored due to the 'FORCE_COLOR' env being set.
(Use `node --trace-warnings ...` to show where the warning was created)
  ok 395 [mobile-ipad] › tests\e2e\experience.local.spec.ts:11:3 › letters: complete three different mechanics and replay collection (27.3s)
  ok 396 [mobile-ipad] › tests\e2e\experience.local.spec.ts:11:3 › numbers: complete three different mechanics and replay collection (30.5s)
  ok 397 [mobile-ipad] › tests\e2e\experience.local.spec.ts:11:3 › shapes: complete three different mechanics and replay collection (32.5s)
  ok 398 [mobile-ipad] › tests\e2e\experience.local.spec.ts:11:3 › colors: complete three different mechanics and replay collection (33.3s)
  ok 400 [mobile-ipad] › tests\e2e\experience.local.spec.ts:104:1 › drag, outside release, cancellation and touch sizes (12.1s)
  ok 399 [mobile-ipad] › tests\e2e\experience.local.spec.ts:65:1 › wrong answers, hints, double-submit and checkpoint survive reload (22.1s)
  ok 401 [mobile-ipad] › tests\e2e\experience.local.spec.ts:137:1 › rotation and paint are usable with taps and keyboard (12.4s)
  ok 403 [mobile-ipad] › tests\e2e\experience.local.spec.ts:194:1 › application background pauses play and resumes without losing state (11.4s)
  ok 402 [mobile-ipad] › tests\e2e\experience.local.spec.ts:155:1 › portrait and landscape preserve activity, reachable controls, accessibility (18.1s)
  ok 404 [mobile-ipad] › tests\e2e\experience.local.spec.ts:211:1 › LIFE-01: reload after one assembly stage resumes without duplicate evidence (13.4s)


  1) [local-chromium] › tests\e2e\adventure-interactions.local.spec.ts:11:1 › COL-01: finger paint stays clipped, survives cancellation and requires a choice

    Error: Critical browser errors:
    Service Worker registration failed: TypeError: Cannot read properties of undefined (reading 'update')
        at rh (http://127.0.0.1:4179/assets/index-Bs75Av6o.js:9:1693144)

    expect(received).toEqual(expected) // deep equality

    - Expected  - 1
    + Received  + 4

    - Array []
    + Array [
    +   "Service Worker registration failed: TypeError: Cannot read properties of undefined (reading 'update')
    +     at rh (http://127.0.0.1:4179/assets/index-Bs75Av6o.js:9:1693144)",
    + ]
        at rh (http://127.0.0.1:4179/assets/index-Bs75Av6o.js:9:1693144)
        at guard (C:\Dev\kids-learning-adventure\tests\e2e\helpers.ts:20:81)
        at C:\Dev\kids-learning-adventure\tests\e2e\adventure-interactions.local.spec.ts:56:3

    attachment #1: screenshot (image/png) ──────────────────────────────────────────────────────────
    tmp\qa-final\acceptance\e2e-adventure-interactions-bc9bc-ation-and-requires-a-choice-local-chromium\test-failed-1.png
    ────────────────────────────────────────────────────────────────────────────────────────────────

    attachment #2: video (video/webm) ──────────────────────────────────────────────────────────────
    tmp\qa-final\acceptance\e2e-adventure-interactions-bc9bc-ation-and-requires-a-choice-local-chromium\video.webm
    ────────────────────────────────────────────────────────────────────────────────────────────────

    Error Context: tmp\qa-final\acceptance\e2e-adventure-interactions-bc9bc-ation-and-requires-a-choice-local-chromium\error-context.md

    attachment #4: trace (application/zip) ─────────────────────────────────────────────────────────
    tmp\qa-final\acceptance\e2e-adventure-interactions-bc9bc-ation-and-requires-a-choice-local-chromium\trace.zip
    Usage:

        npx playwright show-trace tmp\qa-final\acceptance\e2e-adventure-interactions-bc9bc-ation-and-requires-a-choice-local-chromium\trace.zip

    ────────────────────────────────────────────────────────────────────────────────────────────────

  2) [local-chromium] › tests\e2e\adventure-interactions.local.spec.ts:59:1 › INT-01: extra pointer does not cancel the active drag; resizing does

    Error: Critical browser errors:
    Service Worker registration failed: TypeError: Cannot read properties of undefined (reading 'update')
        at rh (http://127.0.0.1:4179/assets/index-Bs75Av6o.js:9:1693144)

    expect(received).toEqual(expected) // deep equality

    - Expected  - 1
    + Received  + 4

    - Array []
    + Array [
    +   "Service Worker registration failed: TypeError: Cannot read properties of undefined (reading 'update')
    +     at rh (http://127.0.0.1:4179/assets/index-Bs75Av6o.js:9:1693144)",
    + ]
        at rh (http://127.0.0.1:4179/assets/index-Bs75Av6o.js:9:1693144)
        at guard (C:\Dev\kids-learning-adventure\tests\e2e\helpers.ts:20:81)
        at C:\Dev\kids-learning-adventure\tests\e2e\adventure-interactions.local.spec.ts:91:3

    attachment #1: screenshot (image/png) ──────────────────────────────────────────────────────────
    tmp\qa-final\acceptance\e2e-adventure-interactions-2374d-e-active-drag-resizing-does-local-chromium\test-failed-1.png
    ────────────────────────────────────────────────────────────────────────────────────────────────

    attachment #2: video (video/webm) ──────────────────────────────────────────────────────────────
    tmp\qa-final\acceptance\e2e-adventure-interactions-2374d-e-active-drag-resizing-does-local-chromium\video.webm
    ────────────────────────────────────────────────────────────────────────────────────────────────

    Error Context: tmp\qa-final\acceptance\e2e-adventure-interactions-2374d-e-active-drag-resizing-does-local-chromium\error-context.md

    attachment #4: trace (application/zip) ─────────────────────────────────────────────────────────
    tmp\qa-final\acceptance\e2e-adventure-interactions-2374d-e-active-drag-resizing-does-local-chromium\trace.zip
    Usage:

        npx playwright show-trace tmp\qa-final\acceptance\e2e-adventure-interactions-2374d-e-active-drag-resizing-does-local-chromium\trace.zip

    ────────────────────────────────────────────────────────────────────────────────────────────────

  3) [local-chromium] › tests\e2e\adventure-interactions.local.spec.ts:117:3 › A11Y-01 INT-03: v2-letter-bridge accessible with enlarged controls in both orientations

    Error: Critical browser errors:
    Service Worker registration failed: TypeError: Cannot read properties of undefined (reading 'update')
        at rh (http://127.0.0.1:4179/assets/index-Bs75Av6o.js:9:1693144)

    expect(received).toEqual(expected) // deep equality

    - Expected  - 1
    + Received  + 4

    - Array []
    + Array [
    +   "Service Worker registration failed: TypeError: Cannot read properties of undefined (reading 'update')
    +     at rh (http://127.0.0.1:4179/assets/index-Bs75Av6o.js:9:1693144)",
    + ]
        at rh (http://127.0.0.1:4179/assets/index-Bs75Av6o.js:9:1693144)
        at guard (C:\Dev\kids-learning-adventure\tests\e2e\helpers.ts:20:81)
        at C:\Dev\kids-learning-adventure\tests\e2e\adventure-interactions.local.spec.ts:183:5

    attachment #1: screenshot (image/png) ──────────────────────────────────────────────────────────
    tmp\qa-final\acceptance\e2e-adventure-interactions-8b6a0-ntrols-in-both-orientations-local-chromium\test-failed-1.png
    ────────────────────────────────────────────────────────────────────────────────────────────────

    attachment #2: video (video/webm) ──────────────────────────────────────────────────────────────
    tmp\qa-final\acceptance\e2e-adventure-interactions-8b6a0-ntrols-in-both-orientations-local-chromium\video.webm
    ────────────────────────────────────────────────────────────────────────────────────────────────

    attachment #3: video (video/webm) ──────────────────────────────────────────────────────────────
    tmp\qa-final\acceptance\e2e-adventure-interactions-8b6a0-ntrols-in-both-orientations-local-chromium\video-2.webm
    ────────────────────────────────────────────────────────────────────────────────────────────────

    attachment #4: video (video/webm) ──────────────────────────────────────────────────────────────
    tmp\qa-final\acceptance\e2e-adventure-interactions-8b6a0-ntrols-in-both-orientations-local-chromium\video-1.webm
    ────────────────────────────────────────────────────────────────────────────────────────────────

    Error Context: tmp\qa-final\acceptance\e2e-adventure-interactions-8b6a0-ntrols-in-both-orientations-local-chromium\error-context.md

    attachment #6: trace (application/zip) ─────────────────────────────────────────────────────────
    tmp\qa-final\acceptance\e2e-adventure-interactions-8b6a0-ntrols-in-both-orientations-local-chromium\trace.zip
    Usage:

        npx playwright show-trace tmp\qa-final\acceptance\e2e-adventure-interactions-8b6a0-ntrols-in-both-orientations-local-chromium\trace.zip

    ────────────────────────────────────────────────────────────────────────────────────────────────

  4) [local-chromium] › tests\e2e\adventure-interactions.local.spec.ts:117:3 › A11Y-01 INT-03: v2-number-breakfast accessible with enlarged controls in both orientations

    Error: Critical browser errors:
    Service Worker registration failed: TypeError: Cannot read properties of undefined (reading 'update')
        at rh (http://127.0.0.1:4179/assets/index-Bs75Av6o.js:9:1693144)

    expect(received).toEqual(expected) // deep equality

    - Expected  - 1
    + Received  + 4

    - Array []
    + Array [
    +   "Service Worker registration failed: TypeError: Cannot read properties of undefined (reading 'update')
    +     at rh (http://127.0.0.1:4179/assets/index-Bs75Av6o.js:9:1693144)",
    + ]
        at rh (http://127.0.0.1:4179/assets/index-Bs75Av6o.js:9:1693144)
        at guard (C:\Dev\kids-learning-adventure\tests\e2e\helpers.ts:20:81)
        at C:\Dev\kids-learning-adventure\tests\e2e\adventure-interactions.local.spec.ts:183:5

    attachment #1: screenshot (image/png) ──────────────────────────────────────────────────────────
    tmp\qa-final\acceptance\e2e-adventure-interactions-f8503-ntrols-in-both-orientations-local-chromium\test-failed-1.png
    ────────────────────────────────────────────────────────────────────────────────────────────────

    attachment #2: video (video/webm) ──────────────────────────────────────────────────────────────
    tmp\qa-final\acceptance\e2e-adventure-interactions-f8503-ntrols-in-both-orientations-local-chromium\video.webm
    ────────────────────────────────────────────────────────────────────────────────────────────────

    attachment #3: video (video/webm) ──────────────────────────────────────────────────────────────
    tmp\qa-final\acceptance\e2e-adventure-interactions-f8503-ntrols-in-both-orientations-local-chromium\video-2.webm
    ────────────────────────────────────────────────────────────────────────────────────────────────

    attachment #4: video (video/webm) ──────────────────────────────────────────────────────────────
    tmp\qa-final\acceptance\e2e-adventure-interactions-f8503-ntrols-in-both-orientations-local-chromium\video-1.webm
    ────────────────────────────────────────────────────────────────────────────────────────────────

    Error Context: tmp\qa-final\acceptance\e2e-adventure-interactions-f8503-ntrols-in-both-orientations-local-chromium\error-context.md

    attachment #6: trace (application/zip) ─────────────────────────────────────────────────────────
    tmp\qa-final\acceptance\e2e-adventure-interactions-f8503-ntrols-in-both-orientations-local-chromium\trace.zip
    Usage:

        npx playwright show-trace tmp\qa-final\acceptance\e2e-adventure-interactions-f8503-ntrols-in-both-orientations-local-chromium\trace.zip

    ────────────────────────────────────────────────────────────────────────────────────────────────

  5) [local-chromium] › tests\e2e\adventure-interactions.local.spec.ts:117:3 › A11Y-01 INT-03: v2-shape-windmill accessible with enlarged controls in both orientations

    Error: Critical browser errors:
    Service Worker registration failed: TypeError: Cannot read properties of undefined (reading 'update')
        at rh (http://127.0.0.1:4179/assets/index-Bs75Av6o.js:9:1693144)

    expect(received).toEqual(expected) // deep equality

    - Expected  - 1
    + Received  + 4

    - Array []
    + Array [
    +   "Service Worker registration failed: TypeError: Cannot read properties of undefined (reading 'update')
    +     at rh (http://127.0.0.1:4179/assets/index-Bs75Av6o.js:9:1693144)",
    + ]
        at rh (http://127.0.0.1:4179/assets/index-Bs75Av6o.js:9:1693144)
        at guard (C:\Dev\kids-learning-adventure\tests\e2e\helpers.ts:20:81)
        at C:\Dev\kids-learning-adventure\tests\e2e\adventure-interactions.local.spec.ts:183:5

    attachment #1: screenshot (image/png) ──────────────────────────────────────────────────────────
    tmp\qa-final\acceptance\e2e-adventure-interactions-dae06-ntrols-in-both-orientations-local-chromium\test-failed-1.png
    ────────────────────────────────────────────────────────────────────────────────────────────────

    attachment #2: video (video/webm) ──────────────────────────────────────────────────────────────
    tmp\qa-final\acceptance\e2e-adventure-interactions-dae06-ntrols-in-both-orientations-local-chromium\video.webm
    ────────────────────────────────────────────────────────────────────────────────────────────────

    attachment #3: video (video/webm) ──────────────────────────────────────────────────────────────
    tmp\qa-final\acceptance\e2e-adventure-interactions-dae06-ntrols-in-both-orientations-local-chromium\video-1.webm
    ────────────────────────────────────────────────────────────────────────────────────────────────

    attachment #4: video (video/webm) ──────────────────────────────────────────────────────────────
    tmp\qa-final\acceptance\e2e-adventure-interactions-dae06-ntrols-in-both-orientations-local-chromium\video-2.webm
    ────────────────────────────────────────────────────────────────────────────────────────────────

    Error Context: tmp\qa-final\acceptance\e2e-adventure-interactions-dae06-ntrols-in-both-orientations-local-chromium\error-context.md

    attachment #6: trace (application/zip) ─────────────────────────────────────────────────────────
    tmp\qa-final\acceptance\e2e-adventure-interactions-dae06-ntrols-in-both-orientations-local-chromium\trace.zip
    Usage:

        npx playwright show-trace tmp\qa-final\acceptance\e2e-adventure-interactions-dae06-ntrols-in-both-orientations-local-chromium\trace.zip

    ────────────────────────────────────────────────────────────────────────────────────────────────

  6) [local-chromium] › tests\e2e\adventure-interactions.local.spec.ts:117:3 › A11Y-01 INT-03: v2-color-petals accessible with enlarged controls in both orientations

    Error: Critical browser errors:
    Service Worker registration failed: TypeError: Cannot read properties of undefined (reading 'update')
        at rh (http://127.0.0.1:4179/assets/index-Bs75Av6o.js:9:1693144)

    expect(received).toEqual(expected) // deep equality

    - Expected  - 1
    + Received  + 4

    - Array []
    + Array [
    +   "Service Worker registration failed: TypeError: Cannot read properties of undefined (reading 'update')
    +     at rh (http://127.0.0.1:4179/assets/index-Bs75Av6o.js:9:1693144)",
    + ]
        at rh (http://127.0.0.1:4179/assets/index-Bs75Av6o.js:9:1693144)
        at guard (C:\Dev\kids-learning-adventure\tests\e2e\helpers.ts:20:81)
        at C:\Dev\kids-learning-adventure\tests\e2e\adventure-interactions.local.spec.ts:183:5

    attachment #1: screenshot (image/png) ──────────────────────────────────────────────────────────
    tmp\qa-final\acceptance\e2e-adventure-interactions-2503a-ntrols-in-both-orientations-local-chromium\test-failed-1.png
    ────────────────────────────────────────────────────────────────────────────────────────────────

    attachment #2: video (video/webm) ──────────────────────────────────────────────────────────────
    tmp\qa-final\acceptance\e2e-adventure-interactions-2503a-ntrols-in-both-orientations-local-chromium\video-1.webm
    ────────────────────────────────────────────────────────────────────────────────────────────────

    attachment #3: video (video/webm) ──────────────────────────────────────────────────────────────
    tmp\qa-final\acceptance\e2e-adventure-interactions-2503a-ntrols-in-both-orientations-local-chromium\video.webm
    ────────────────────────────────────────────────────────────────────────────────────────────────

    attachment #4: video (video/webm) ──────────────────────────────────────────────────────────────
    tmp\qa-final\acceptance\e2e-adventure-interactions-2503a-ntrols-in-both-orientations-local-chromium\video-2.webm
    ────────────────────────────────────────────────────────────────────────────────────────────────

    Error Context: tmp\qa-final\acceptance\e2e-adventure-interactions-2503a-ntrols-in-both-orientations-local-chromium\error-context.md

    attachment #6: trace (application/zip) ─────────────────────────────────────────────────────────
    tmp\qa-final\acceptance\e2e-adventure-interactions-2503a-ntrols-in-both-orientations-local-chromium\trace.zip
    Usage:

        npx playwright show-trace tmp\qa-final\acceptance\e2e-adventure-interactions-2503a-ntrols-in-both-orientations-local-chromium\trace.zip

    ────────────────────────────────────────────────────────────────────────────────────────────────

  7) [local-chromium] › tests\e2e\adventure-interactions.local.spec.ts:117:3 › A11Y-01 INT-03: v2-color-orange accessible with enlarged controls in both orientations

    Error: Critical browser errors:
    Service Worker registration failed: TypeError: Cannot read properties of undefined (reading 'update')
        at rh (http://127.0.0.1:4179/assets/index-Bs75Av6o.js:9:1693144)

    expect(received).toEqual(expected) // deep equality

    - Expected  - 1
    + Received  + 4

    - Array []
    + Array [
    +   "Service Worker registration failed: TypeError: Cannot read properties of undefined (reading 'update')
    +     at rh (http://127.0.0.1:4179/assets/index-Bs75Av6o.js:9:1693144)",
    + ]
        at rh (http://127.0.0.1:4179/assets/index-Bs75Av6o.js:9:1693144)
        at guard (C:\Dev\kids-learning-adventure\tests\e2e\helpers.ts:20:81)
        at C:\Dev\kids-learning-adventure\tests\e2e\adventure-interactions.local.spec.ts:183:5

    attachment #1: screenshot (image/png) ──────────────────────────────────────────────────────────
    tmp\qa-final\acceptance\e2e-adventure-interactions-02ab7-ntrols-in-both-orientations-local-chromium\test-failed-1.png
    ────────────────────────────────────────────────────────────────────────────────────────────────

    attachment #2: video (video/webm) ──────────────────────────────────────────────────────────────
    tmp\qa-final\acceptance\e2e-adventure-interactions-02ab7-ntrols-in-both-orientations-local-chromium\video.webm
    ────────────────────────────────────────────────────────────────────────────────────────────────

    attachment #3: video (video/webm) ──────────────────────────────────────────────────────────────
    tmp\qa-final\acceptance\e2e-adventure-interactions-02ab7-ntrols-in-both-orientations-local-chromium\video-1.webm
    ────────────────────────────────────────────────────────────────────────────────────────────────

    attachment #4: video (video/webm) ──────────────────────────────────────────────────────────────
    tmp\qa-final\acceptance\e2e-adventure-interactions-02ab7-ntrols-in-both-orientations-local-chromium\video-2.webm
    ────────────────────────────────────────────────────────────────────────────────────────────────

    Error Context: tmp\qa-final\acceptance\e2e-adventure-interactions-02ab7-ntrols-in-both-orientations-local-chromium\error-context.md

    attachment #6: trace (application/zip) ─────────────────────────────────────────────────────────
    tmp\qa-final\acceptance\e2e-adventure-interactions-02ab7-ntrols-in-both-orientations-local-chromium\trace.zip
    Usage:

        npx playwright show-trace tmp\qa-final\acceptance\e2e-adventure-interactions-02ab7-ntrols-in-both-orientations-local-chromium\trace.zip

    ────────────────────────────────────────────────────────────────────────────────────────────────

  8) [local-chromium] › tests\e2e\games.local.spec.ts:59:1 › completes sorting game ────────────────

    TimeoutError: page.waitForFunction: Timeout 10000ms exceeded.

       at e2e\helpers.ts:111

      109 |       await activate(nextButton);
      110 |     }
    > 111 |     await page.waitForFunction(
          |                ^
      112 |       ({ status }) => Boolean(document.querySelector('.summary-card') || document.querySelector('.game-world__status small')?.textContent !== status),
      113 |       { status: statusBefore }
      114 |     );
        at completeChoiceGame (C:\Dev\kids-learning-adventure\tests\e2e\helpers.ts:111:16)
        at C:\Dev\kids-learning-adventure\tests\e2e\games.local.spec.ts:64:3

    attachment #1: screenshot (image/png) ──────────────────────────────────────────────────────────
    tmp\qa-final\acceptance\e2e-games.local-completes-sorting-game-local-chromium\test-failed-1.png
    ────────────────────────────────────────────────────────────────────────────────────────────────

    attachment #2: video (video/webm) ──────────────────────────────────────────────────────────────
    tmp\qa-final\acceptance\e2e-games.local-completes-sorting-game-local-chromium\video.webm
    ────────────────────────────────────────────────────────────────────────────────────────────────

    Error Context: tmp\qa-final\acceptance\e2e-games.local-completes-sorting-game-local-chromium\error-context.md

    attachment #4: trace (application/zip) ─────────────────────────────────────────────────────────
    tmp\qa-final\acceptance\e2e-games.local-completes-sorting-game-local-chromium\trace.zip
    Usage:

        npx playwright show-trace tmp\qa-final\acceptance\e2e-games.local-completes-sorting-game-local-chromium\trace.zip

    ────────────────────────────────────────────────────────────────────────────────────────────────

  9) [local-webkit] › tests\e2e\adventure-interactions.local.spec.ts:11:1 › COL-01: finger paint stays clipped, survives cancellation and requires a choice

    Error: Critical browser errors:
    Service Worker registration failed: TypeError: undefined is not an object (evaluating 'e.update')

    expect(received).toEqual(expected) // deep equality

    - Expected  - 1
    + Received  + 3

    - Array []
    + Array [
    +   "Service Worker registration failed: TypeError: undefined is not an object (evaluating 'e.update')",
    + ]

       at e2e\helpers.ts:20

      18 |   });
      19 |   page.on('pageerror', (error) => errors.push(error.message));
    > 20 |   return () => expect(errors, `Critical browser errors:\n${errors.join('\n')}`).toEqual([]);
         |                                                                                 ^
      21 | }
      22 |
      23 | export async function gotoFreshApp(page: Page) {
        at guard (C:\Dev\kids-learning-adventure\tests\e2e\helpers.ts:20:81)
        at C:\Dev\kids-learning-adventure\tests\e2e\adventure-interactions.local.spec.ts:56:3

    attachment #1: screenshot (image/png) ──────────────────────────────────────────────────────────
    tmp\qa-final\acceptance\e2e-adventure-interactions-bc9bc-ation-and-requires-a-choice-local-webkit\test-failed-1.png
    ────────────────────────────────────────────────────────────────────────────────────────────────

    attachment #2: video (video/webm) ──────────────────────────────────────────────────────────────
    tmp\qa-final\acceptance\e2e-adventure-interactions-bc9bc-ation-and-requires-a-choice-local-webkit\video.webm
    ────────────────────────────────────────────────────────────────────────────────────────────────

    Error Context: tmp\qa-final\acceptance\e2e-adventure-interactions-bc9bc-ation-and-requires-a-choice-local-webkit\error-context.md

    attachment #4: trace (application/zip) ─────────────────────────────────────────────────────────
    tmp\qa-final\acceptance\e2e-adventure-interactions-bc9bc-ation-and-requires-a-choice-local-webkit\trace.zip
    Usage:

        npx playwright show-trace tmp\qa-final\acceptance\e2e-adventure-interactions-bc9bc-ation-and-requires-a-choice-local-webkit\trace.zip

    ────────────────────────────────────────────────────────────────────────────────────────────────

  10) [local-webkit] › tests\e2e\adventure-interactions.local.spec.ts:59:1 › INT-01: extra pointer does not cancel the active drag; resizing does

    Error: Critical browser errors:
    Service Worker registration failed: TypeError: undefined is not an object (evaluating 'e.update')

    expect(received).toEqual(expected) // deep equality

    - Expected  - 1
    + Received  + 3

    - Array []
    + Array [
    +   "Service Worker registration failed: TypeError: undefined is not an object (evaluating 'e.update')",
    + ]

       at e2e\helpers.ts:20

      18 |   });
      19 |   page.on('pageerror', (error) => errors.push(error.message));
    > 20 |   return () => expect(errors, `Critical browser errors:\n${errors.join('\n')}`).toEqual([]);
         |                                                                                 ^
      21 | }
      22 |
      23 | export async function gotoFreshApp(page: Page) {
        at guard (C:\Dev\kids-learning-adventure\tests\e2e\helpers.ts:20:81)
        at C:\Dev\kids-learning-adventure\tests\e2e\adventure-interactions.local.spec.ts:91:3

    attachment #1: screenshot (image/png) ──────────────────────────────────────────────────────────
    tmp\qa-final\acceptance\e2e-adventure-interactions-2374d-e-active-drag-resizing-does-local-webkit\test-failed-1.png
    ────────────────────────────────────────────────────────────────────────────────────────────────

    attachment #2: video (video/webm) ──────────────────────────────────────────────────────────────
    tmp\qa-final\acceptance\e2e-adventure-interactions-2374d-e-active-drag-resizing-does-local-webkit\video.webm
    ────────────────────────────────────────────────────────────────────────────────────────────────

    Error Context: tmp\qa-final\acceptance\e2e-adventure-interactions-2374d-e-active-drag-resizing-does-local-webkit\error-context.md

    attachment #4: trace (application/zip) ─────────────────────────────────────────────────────────
    tmp\qa-final\acceptance\e2e-adventure-interactions-2374d-e-active-drag-resizing-does-local-webkit\trace.zip
    Usage:

        npx playwright show-trace tmp\qa-final\acceptance\e2e-adventure-interactions-2374d-e-active-drag-resizing-does-local-webkit\trace.zip

    ────────────────────────────────────────────────────────────────────────────────────────────────

  11) [local-webkit] › tests\e2e\adventure-interactions.local.spec.ts:117:3 › A11Y-01 INT-03: v2-letter-bridge accessible with enlarged controls in both orientations

    Error: Critical browser errors:
    Service Worker registration failed: TypeError: undefined is not an object (evaluating 'e.update')

    expect(received).toEqual(expected) // deep equality

    - Expected  - 1
    + Received  + 3

    - Array []
    + Array [
    +   "Service Worker registration failed: TypeError: undefined is not an object (evaluating 'e.update')",
    + ]

       at e2e\helpers.ts:20

      18 |   });
      19 |   page.on('pageerror', (error) => errors.push(error.message));
    > 20 |   return () => expect(errors, `Critical browser errors:\n${errors.join('\n')}`).toEqual([]);
         |                                                                                 ^
      21 | }
      22 |
      23 | export async function gotoFreshApp(page: Page) {
        at guard (C:\Dev\kids-learning-adventure\tests\e2e\helpers.ts:20:81)
        at C:\Dev\kids-learning-adventure\tests\e2e\adventure-interactions.local.spec.ts:183:5

    attachment #1: screenshot (image/png) ──────────────────────────────────────────────────────────
    tmp\qa-final\acceptance\e2e-adventure-interactions-8b6a0-ntrols-in-both-orientations-local-webkit\test-failed-1.png
    ────────────────────────────────────────────────────────────────────────────────────────────────

    attachment #2: video (video/webm) ──────────────────────────────────────────────────────────────
    tmp\qa-final\acceptance\e2e-adventure-interactions-8b6a0-ntrols-in-both-orientations-local-webkit\video-1.webm
    ────────────────────────────────────────────────────────────────────────────────────────────────

    attachment #3: video (video/webm) ──────────────────────────────────────────────────────────────
    tmp\qa-final\acceptance\e2e-adventure-interactions-8b6a0-ntrols-in-both-orientations-local-webkit\video.webm
    ────────────────────────────────────────────────────────────────────────────────────────────────

    attachment #4: video (video/webm) ──────────────────────────────────────────────────────────────
    tmp\qa-final\acceptance\e2e-adventure-interactions-8b6a0-ntrols-in-both-orientations-local-webkit\video-2.webm
    ────────────────────────────────────────────────────────────────────────────────────────────────

    Error Context: tmp\qa-final\acceptance\e2e-adventure-interactions-8b6a0-ntrols-in-both-orientations-local-webkit\error-context.md

    attachment #6: trace (application/zip) ─────────────────────────────────────────────────────────
    tmp\qa-final\acceptance\e2e-adventure-interactions-8b6a0-ntrols-in-both-orientations-local-webkit\trace.zip
    Usage:

        npx playwright show-trace tmp\qa-final\acceptance\e2e-adventure-interactions-8b6a0-ntrols-in-both-orientations-local-webkit\trace.zip

    ────────────────────────────────────────────────────────────────────────────────────────────────

  12) [local-webkit] › tests\e2e\adventure-interactions.local.spec.ts:117:3 › A11Y-01 INT-03: v2-number-breakfast accessible with enlarged controls in both orientations

    Error: Critical browser errors:
    Service Worker registration failed: TypeError: undefined is not an object (evaluating 'e.update')

    expect(received).toEqual(expected) // deep equality

    - Expected  - 1
    + Received  + 3

    - Array []
    + Array [
    +   "Service Worker registration failed: TypeError: undefined is not an object (evaluating 'e.update')",
    + ]

       at e2e\helpers.ts:20

      18 |   });
      19 |   page.on('pageerror', (error) => errors.push(error.message));
    > 20 |   return () => expect(errors, `Critical browser errors:\n${errors.join('\n')}`).toEqual([]);
         |                                                                                 ^
      21 | }
      22 |
      23 | export async function gotoFreshApp(page: Page) {
        at guard (C:\Dev\kids-learning-adventure\tests\e2e\helpers.ts:20:81)
        at C:\Dev\kids-learning-adventure\tests\e2e\adventure-interactions.local.spec.ts:183:5

    attachment #1: screenshot (image/png) ──────────────────────────────────────────────────────────
    tmp\qa-final\acceptance\e2e-adventure-interactions-f8503-ntrols-in-both-orientations-local-webkit\test-failed-1.png
    ────────────────────────────────────────────────────────────────────────────────────────────────

    attachment #2: video (video/webm) ──────────────────────────────────────────────────────────────
    tmp\qa-final\acceptance\e2e-adventure-interactions-f8503-ntrols-in-both-orientations-local-webkit\video.webm
    ────────────────────────────────────────────────────────────────────────────────────────────────

    attachment #3: video (video/webm) ──────────────────────────────────────────────────────────────
    tmp\qa-final\acceptance\e2e-adventure-interactions-f8503-ntrols-in-both-orientations-local-webkit\video-2.webm
    ────────────────────────────────────────────────────────────────────────────────────────────────

    attachment #4: video (video/webm) ──────────────────────────────────────────────────────────────
    tmp\qa-final\acceptance\e2e-adventure-interactions-f8503-ntrols-in-both-orientations-local-webkit\video-1.webm
    ────────────────────────────────────────────────────────────────────────────────────────────────

    Error Context: tmp\qa-final\acceptance\e2e-adventure-interactions-f8503-ntrols-in-both-orientations-local-webkit\error-context.md

    attachment #6: trace (application/zip) ─────────────────────────────────────────────────────────
    tmp\qa-final\acceptance\e2e-adventure-interactions-f8503-ntrols-in-both-orientations-local-webkit\trace.zip
    Usage:

        npx playwright show-trace tmp\qa-final\acceptance\e2e-adventure-interactions-f8503-ntrols-in-both-orientations-local-webkit\trace.zip

    ────────────────────────────────────────────────────────────────────────────────────────────────

  13) [local-webkit] › tests\e2e\adventure-interactions.local.spec.ts:117:3 › A11Y-01 INT-03: v2-shape-windmill accessible with enlarged controls in both orientations

    Error: Critical browser errors:
    Service Worker registration failed: TypeError: undefined is not an object (evaluating 'e.update')

    expect(received).toEqual(expected) // deep equality

    - Expected  - 1
    + Received  + 3

    - Array []
    + Array [
    +   "Service Worker registration failed: TypeError: undefined is not an object (evaluating 'e.update')",
    + ]

       at e2e\helpers.ts:20

      18 |   });
      19 |   page.on('pageerror', (error) => errors.push(error.message));
    > 20 |   return () => expect(errors, `Critical browser errors:\n${errors.join('\n')}`).toEqual([]);
         |                                                                                 ^
      21 | }
      22 |
      23 | export async function gotoFreshApp(page: Page) {
        at guard (C:\Dev\kids-learning-adventure\tests\e2e\helpers.ts:20:81)
        at C:\Dev\kids-learning-adventure\tests\e2e\adventure-interactions.local.spec.ts:183:5

    attachment #1: screenshot (image/png) ──────────────────────────────────────────────────────────
    tmp\qa-final\acceptance\e2e-adventure-interactions-dae06-ntrols-in-both-orientations-local-webkit\test-failed-1.png
    ────────────────────────────────────────────────────────────────────────────────────────────────

    attachment #2: video (video/webm) ──────────────────────────────────────────────────────────────
    tmp\qa-final\acceptance\e2e-adventure-interactions-dae06-ntrols-in-both-orientations-local-webkit\video-2.webm
    ────────────────────────────────────────────────────────────────────────────────────────────────

    attachment #3: video (video/webm) ──────────────────────────────────────────────────────────────
    tmp\qa-final\acceptance\e2e-adventure-interactions-dae06-ntrols-in-both-orientations-local-webkit\video-1.webm
    ────────────────────────────────────────────────────────────────────────────────────────────────

    attachment #4: video (video/webm) ──────────────────────────────────────────────────────────────
    tmp\qa-final\acceptance\e2e-adventure-interactions-dae06-ntrols-in-both-orientations-local-webkit\video.webm
    ────────────────────────────────────────────────────────────────────────────────────────────────

    Error Context: tmp\qa-final\acceptance\e2e-adventure-interactions-dae06-ntrols-in-both-orientations-local-webkit\error-context.md

    attachment #6: trace (application/zip) ─────────────────────────────────────────────────────────
    tmp\qa-final\acceptance\e2e-adventure-interactions-dae06-ntrols-in-both-orientations-local-webkit\trace.zip
    Usage:

        npx playwright show-trace tmp\qa-final\acceptance\e2e-adventure-interactions-dae06-ntrols-in-both-orientations-local-webkit\trace.zip

    ────────────────────────────────────────────────────────────────────────────────────────────────

  14) [local-webkit] › tests\e2e\adventure-interactions.local.spec.ts:117:3 › A11Y-01 INT-03: v2-color-petals accessible with enlarged controls in both orientations

    Error: Critical browser errors:
    Service Worker registration failed: TypeError: undefined is not an object (evaluating 'e.update')

    expect(received).toEqual(expected) // deep equality

    - Expected  - 1
    + Received  + 3

    - Array []
    + Array [
    +   "Service Worker registration failed: TypeError: undefined is not an object (evaluating 'e.update')",
    + ]

       at e2e\helpers.ts:20

      18 |   });
      19 |   page.on('pageerror', (error) => errors.push(error.message));
    > 20 |   return () => expect(errors, `Critical browser errors:\n${errors.join('\n')}`).toEqual([]);
         |                                                                                 ^
      21 | }
      22 |
      23 | export async function gotoFreshApp(page: Page) {
        at guard (C:\Dev\kids-learning-adventure\tests\e2e\helpers.ts:20:81)
        at C:\Dev\kids-learning-adventure\tests\e2e\adventure-interactions.local.spec.ts:183:5

    attachment #1: screenshot (image/png) ──────────────────────────────────────────────────────────
    tmp\qa-final\acceptance\e2e-adventure-interactions-2503a-ntrols-in-both-orientations-local-webkit\test-failed-1.png
    ────────────────────────────────────────────────────────────────────────────────────────────────

    attachment #2: video (video/webm) ──────────────────────────────────────────────────────────────
    tmp\qa-final\acceptance\e2e-adventure-interactions-2503a-ntrols-in-both-orientations-local-webkit\video-2.webm
    ────────────────────────────────────────────────────────────────────────────────────────────────

    attachment #3: video (video/webm) ──────────────────────────────────────────────────────────────
    tmp\qa-final\acceptance\e2e-adventure-interactions-2503a-ntrols-in-both-orientations-local-webkit\video.webm
    ────────────────────────────────────────────────────────────────────────────────────────────────

    attachment #4: video (video/webm) ──────────────────────────────────────────────────────────────
    tmp\qa-final\acceptance\e2e-adventure-interactions-2503a-ntrols-in-both-orientations-local-webkit\video-1.webm
    ────────────────────────────────────────────────────────────────────────────────────────────────

    Error Context: tmp\qa-final\acceptance\e2e-adventure-interactions-2503a-ntrols-in-both-orientations-local-webkit\error-context.md

    attachment #6: trace (application/zip) ─────────────────────────────────────────────────────────
    tmp\qa-final\acceptance\e2e-adventure-interactions-2503a-ntrols-in-both-orientations-local-webkit\trace.zip
    Usage:

        npx playwright show-trace tmp\qa-final\acceptance\e2e-adventure-interactions-2503a-ntrols-in-both-orientations-local-webkit\trace.zip

    ────────────────────────────────────────────────────────────────────────────────────────────────

  15) [local-webkit] › tests\e2e\adventure-interactions.local.spec.ts:117:3 › A11Y-01 INT-03: v2-color-orange accessible with enlarged controls in both orientations

    Error: Critical browser errors:
    Service Worker registration failed: TypeError: undefined is not an object (evaluating 'e.update')

    expect(received).toEqual(expected) // deep equality

    - Expected  - 1
    + Received  + 3

    - Array []
    + Array [
    +   "Service Worker registration failed: TypeError: undefined is not an object (evaluating 'e.update')",
    + ]

       at e2e\helpers.ts:20

      18 |   });
      19 |   page.on('pageerror', (error) => errors.push(error.message));
    > 20 |   return () => expect(errors, `Critical browser errors:\n${errors.join('\n')}`).toEqual([]);
         |                                                                                 ^
      21 | }
      22 |
      23 | export async function gotoFreshApp(page: Page) {
        at guard (C:\Dev\kids-learning-adventure\tests\e2e\helpers.ts:20:81)
        at C:\Dev\kids-learning-adventure\tests\e2e\adventure-interactions.local.spec.ts:183:5

    attachment #1: screenshot (image/png) ──────────────────────────────────────────────────────────
    tmp\qa-final\acceptance\e2e-adventure-interactions-02ab7-ntrols-in-both-orientations-local-webkit\test-failed-1.png
    ────────────────────────────────────────────────────────────────────────────────────────────────

    attachment #2: video (video/webm) ──────────────────────────────────────────────────────────────
    tmp\qa-final\acceptance\e2e-adventure-interactions-02ab7-ntrols-in-both-orientations-local-webkit\video-2.webm
    ────────────────────────────────────────────────────────────────────────────────────────────────

    attachment #3: video (video/webm) ──────────────────────────────────────────────────────────────
    tmp\qa-final\acceptance\e2e-adventure-interactions-02ab7-ntrols-in-both-orientations-local-webkit\video.webm
    ────────────────────────────────────────────────────────────────────────────────────────────────

    attachment #4: video (video/webm) ──────────────────────────────────────────────────────────────
    tmp\qa-final\acceptance\e2e-adventure-interactions-02ab7-ntrols-in-both-orientations-local-webkit\video-1.webm
    ────────────────────────────────────────────────────────────────────────────────────────────────

    Error Context: tmp\qa-final\acceptance\e2e-adventure-interactions-02ab7-ntrols-in-both-orientations-local-webkit\error-context.md

    attachment #6: trace (application/zip) ─────────────────────────────────────────────────────────
    tmp\qa-final\acceptance\e2e-adventure-interactions-02ab7-ntrols-in-both-orientations-local-webkit\trace.zip
    Usage:

        npx playwright show-trace tmp\qa-final\acceptance\e2e-adventure-interactions-02ab7-ntrols-in-both-orientations-local-webkit\trace.zip

    ────────────────────────────────────────────────────────────────────────────────────────────────

  16) [mobile-chrome] › tests\e2e\adventure-interactions.local.spec.ts:11:1 › COL-01: finger paint stays clipped, survives cancellation and requires a choice

    Error: Critical browser errors:
    Service Worker registration failed: TypeError: Cannot read properties of undefined (reading 'update')
        at rh (http://127.0.0.1:4179/assets/index-Bs75Av6o.js:9:1693144)

    expect(received).toEqual(expected) // deep equality

    - Expected  - 1
    + Received  + 4

    - Array []
    + Array [
    +   "Service Worker registration failed: TypeError: Cannot read properties of undefined (reading 'update')
    +     at rh (http://127.0.0.1:4179/assets/index-Bs75Av6o.js:9:1693144)",
    + ]
        at rh (http://127.0.0.1:4179/assets/index-Bs75Av6o.js:9:1693144)
        at guard (C:\Dev\kids-learning-adventure\tests\e2e\helpers.ts:20:81)
        at C:\Dev\kids-learning-adventure\tests\e2e\adventure-interactions.local.spec.ts:56:3

    attachment #1: screenshot (image/png) ──────────────────────────────────────────────────────────
    tmp\qa-final\acceptance\e2e-adventure-interactions-bc9bc-ation-and-requires-a-choice-mobile-chrome\test-failed-1.png
    ────────────────────────────────────────────────────────────────────────────────────────────────

    attachment #2: video (video/webm) ──────────────────────────────────────────────────────────────
    tmp\qa-final\acceptance\e2e-adventure-interactions-bc9bc-ation-and-requires-a-choice-mobile-chrome\video.webm
    ────────────────────────────────────────────────────────────────────────────────────────────────

    Error Context: tmp\qa-final\acceptance\e2e-adventure-interactions-bc9bc-ation-and-requires-a-choice-mobile-chrome\error-context.md

    attachment #4: trace (application/zip) ─────────────────────────────────────────────────────────
    tmp\qa-final\acceptance\e2e-adventure-interactions-bc9bc-ation-and-requires-a-choice-mobile-chrome\trace.zip
    Usage:

        npx playwright show-trace tmp\qa-final\acceptance\e2e-adventure-interactions-bc9bc-ation-and-requires-a-choice-mobile-chrome\trace.zip

    ────────────────────────────────────────────────────────────────────────────────────────────────

  17) [mobile-chrome] › tests\e2e\adventure-interactions.local.spec.ts:59:1 › INT-01: extra pointer does not cancel the active drag; resizing does

    Error: Critical browser errors:
    Service Worker registration failed: TypeError: Cannot read properties of undefined (reading 'update')
        at rh (http://127.0.0.1:4179/assets/index-Bs75Av6o.js:9:1693144)

    expect(received).toEqual(expected) // deep equality

    - Expected  - 1
    + Received  + 4

    - Array []
    + Array [
    +   "Service Worker registration failed: TypeError: Cannot read properties of undefined (reading 'update')
    +     at rh (http://127.0.0.1:4179/assets/index-Bs75Av6o.js:9:1693144)",
    + ]
        at rh (http://127.0.0.1:4179/assets/index-Bs75Av6o.js:9:1693144)
        at guard (C:\Dev\kids-learning-adventure\tests\e2e\helpers.ts:20:81)
        at C:\Dev\kids-learning-adventure\tests\e2e\adventure-interactions.local.spec.ts:91:3

    attachment #1: screenshot (image/png) ──────────────────────────────────────────────────────────
    tmp\qa-final\acceptance\e2e-adventure-interactions-2374d-e-active-drag-resizing-does-mobile-chrome\test-failed-1.png
    ────────────────────────────────────────────────────────────────────────────────────────────────

    attachment #2: video (video/webm) ──────────────────────────────────────────────────────────────
    tmp\qa-final\acceptance\e2e-adventure-interactions-2374d-e-active-drag-resizing-does-mobile-chrome\video.webm
    ────────────────────────────────────────────────────────────────────────────────────────────────

    Error Context: tmp\qa-final\acceptance\e2e-adventure-interactions-2374d-e-active-drag-resizing-does-mobile-chrome\error-context.md

    attachment #4: trace (application/zip) ─────────────────────────────────────────────────────────
    tmp\qa-final\acceptance\e2e-adventure-interactions-2374d-e-active-drag-resizing-does-mobile-chrome\trace.zip
    Usage:

        npx playwright show-trace tmp\qa-final\acceptance\e2e-adventure-interactions-2374d-e-active-drag-resizing-does-mobile-chrome\trace.zip

    ────────────────────────────────────────────────────────────────────────────────────────────────

  18) [mobile-chrome] › tests\e2e\adventure-interactions.local.spec.ts:117:3 › A11Y-01 INT-03: v2-letter-bridge accessible with enlarged controls in both orientations

    Error: Critical browser errors:
    Service Worker registration failed: TypeError: Cannot read properties of undefined (reading 'update')
        at rh (http://127.0.0.1:4179/assets/index-Bs75Av6o.js:9:1693144)

    expect(received).toEqual(expected) // deep equality

    - Expected  - 1
    + Received  + 4

    - Array []
    + Array [
    +   "Service Worker registration failed: TypeError: Cannot read properties of undefined (reading 'update')
    +     at rh (http://127.0.0.1:4179/assets/index-Bs75Av6o.js:9:1693144)",
    + ]
        at rh (http://127.0.0.1:4179/assets/index-Bs75Av6o.js:9:1693144)
        at guard (C:\Dev\kids-learning-adventure\tests\e2e\helpers.ts:20:81)
        at C:\Dev\kids-learning-adventure\tests\e2e\adventure-interactions.local.spec.ts:183:5

    attachment #1: screenshot (image/png) ──────────────────────────────────────────────────────────
    tmp\qa-final\acceptance\e2e-adventure-interactions-8b6a0-ntrols-in-both-orientations-mobile-chrome\test-failed-1.png
    ────────────────────────────────────────────────────────────────────────────────────────────────

    attachment #2: video (video/webm) ──────────────────────────────────────────────────────────────
    tmp\qa-final\acceptance\e2e-adventure-interactions-8b6a0-ntrols-in-both-orientations-mobile-chrome\video.webm
    ────────────────────────────────────────────────────────────────────────────────────────────────

    attachment #3: video (video/webm) ──────────────────────────────────────────────────────────────
    tmp\qa-final\acceptance\e2e-adventure-interactions-8b6a0-ntrols-in-both-orientations-mobile-chrome\video-1.webm
    ────────────────────────────────────────────────────────────────────────────────────────────────

    attachment #4: video (video/webm) ──────────────────────────────────────────────────────────────
    tmp\qa-final\acceptance\e2e-adventure-interactions-8b6a0-ntrols-in-both-orientations-mobile-chrome\video-2.webm
    ────────────────────────────────────────────────────────────────────────────────────────────────

    Error Context: tmp\qa-final\acceptance\e2e-adventure-interactions-8b6a0-ntrols-in-both-orientations-mobile-chrome\error-context.md

    attachment #6: trace (application/zip) ─────────────────────────────────────────────────────────
    tmp\qa-final\acceptance\e2e-adventure-interactions-8b6a0-ntrols-in-both-orientations-mobile-chrome\trace.zip
    Usage:

        npx playwright show-trace tmp\qa-final\acceptance\e2e-adventure-interactions-8b6a0-ntrols-in-both-orientations-mobile-chrome\trace.zip

    ────────────────────────────────────────────────────────────────────────────────────────────────

  19) [mobile-chrome] › tests\e2e\adventure-interactions.local.spec.ts:117:3 › A11Y-01 INT-03: v2-number-breakfast accessible with enlarged controls in both orientations

    Error: Critical browser errors:
    Service Worker registration failed: TypeError: Cannot read properties of undefined (reading 'update')
        at rh (http://127.0.0.1:4179/assets/index-Bs75Av6o.js:9:1693144)

    expect(received).toEqual(expected) // deep equality

    - Expected  - 1
    + Received  + 4

    - Array []
    + Array [
    +   "Service Worker registration failed: TypeError: Cannot read properties of undefined (reading 'update')
    +     at rh (http://127.0.0.1:4179/assets/index-Bs75Av6o.js:9:1693144)",
    + ]
        at rh (http://127.0.0.1:4179/assets/index-Bs75Av6o.js:9:1693144)
        at guard (C:\Dev\kids-learning-adventure\tests\e2e\helpers.ts:20:81)
        at C:\Dev\kids-learning-adventure\tests\e2e\adventure-interactions.local.spec.ts:183:5

    attachment #1: screenshot (image/png) ──────────────────────────────────────────────────────────
    tmp\qa-final\acceptance\e2e-adventure-interactions-f8503-ntrols-in-both-orientations-mobile-chrome\test-failed-1.png
    ────────────────────────────────────────────────────────────────────────────────────────────────

    attachment #2: video (video/webm) ──────────────────────────────────────────────────────────────
    tmp\qa-final\acceptance\e2e-adventure-interactions-f8503-ntrols-in-both-orientations-mobile-chrome\video.webm
    ────────────────────────────────────────────────────────────────────────────────────────────────

    attachment #3: video (video/webm) ──────────────────────────────────────────────────────────────
    tmp\qa-final\acceptance\e2e-adventure-interactions-f8503-ntrols-in-both-orientations-mobile-chrome\video-2.webm
    ────────────────────────────────────────────────────────────────────────────────────────────────

    attachment #4: video (video/webm) ──────────────────────────────────────────────────────────────
    tmp\qa-final\acceptance\e2e-adventure-interactions-f8503-ntrols-in-both-orientations-mobile-chrome\video-1.webm
    ────────────────────────────────────────────────────────────────────────────────────────────────

    Error Context: tmp\qa-final\acceptance\e2e-adventure-interactions-f8503-ntrols-in-both-orientations-mobile-chrome\error-context.md

    attachment #6: trace (application/zip) ─────────────────────────────────────────────────────────
    tmp\qa-final\acceptance\e2e-adventure-interactions-f8503-ntrols-in-both-orientations-mobile-chrome\trace.zip
    Usage:

        npx playwright show-trace tmp\qa-final\acceptance\e2e-adventure-interactions-f8503-ntrols-in-both-orientations-mobile-chrome\trace.zip

    ────────────────────────────────────────────────────────────────────────────────────────────────

  20) [mobile-chrome] › tests\e2e\adventure-interactions.local.spec.ts:117:3 › A11Y-01 INT-03: v2-shape-windmill accessible with enlarged controls in both orientations

    Error: Critical browser errors:
    Service Worker registration failed: TypeError: Cannot read properties of undefined (reading 'update')
        at rh (http://127.0.0.1:4179/assets/index-Bs75Av6o.js:9:1693144)

    expect(received).toEqual(expected) // deep equality

    - Expected  - 1
    + Received  + 4

    - Array []
    + Array [
    +   "Service Worker registration failed: TypeError: Cannot read properties of undefined (reading 'update')
    +     at rh (http://127.0.0.1:4179/assets/index-Bs75Av6o.js:9:1693144)",
    + ]
        at rh (http://127.0.0.1:4179/assets/index-Bs75Av6o.js:9:1693144)
        at guard (C:\Dev\kids-learning-adventure\tests\e2e\helpers.ts:20:81)
        at C:\Dev\kids-learning-adventure\tests\e2e\adventure-interactions.local.spec.ts:183:5

    attachment #1: screenshot (image/png) ──────────────────────────────────────────────────────────
    tmp\qa-final\acceptance\e2e-adventure-interactions-dae06-ntrols-in-both-orientations-mobile-chrome\test-failed-1.png
    ────────────────────────────────────────────────────────────────────────────────────────────────

    attachment #2: video (video/webm) ──────────────────────────────────────────────────────────────
    tmp\qa-final\acceptance\e2e-adventure-interactions-dae06-ntrols-in-both-orientations-mobile-chrome\video.webm
    ────────────────────────────────────────────────────────────────────────────────────────────────

    attachment #3: video (video/webm) ──────────────────────────────────────────────────────────────
    tmp\qa-final\acceptance\e2e-adventure-interactions-dae06-ntrols-in-both-orientations-mobile-chrome\video-2.webm
    ────────────────────────────────────────────────────────────────────────────────────────────────

    attachment #4: video (video/webm) ──────────────────────────────────────────────────────────────
    tmp\qa-final\acceptance\e2e-adventure-interactions-dae06-ntrols-in-both-orientations-mobile-chrome\video-1.webm
    ────────────────────────────────────────────────────────────────────────────────────────────────

    Error Context: tmp\qa-final\acceptance\e2e-adventure-interactions-dae06-ntrols-in-both-orientations-mobile-chrome\error-context.md

    attachment #6: trace (application/zip) ─────────────────────────────────────────────────────────
    tmp\qa-final\acceptance\e2e-adventure-interactions-dae06-ntrols-in-both-orientations-mobile-chrome\trace.zip
    Usage:

        npx playwright show-trace tmp\qa-final\acceptance\e2e-adventure-interactions-dae06-ntrols-in-both-orientations-mobile-chrome\trace.zip

    ────────────────────────────────────────────────────────────────────────────────────────────────

  21) [mobile-chrome] › tests\e2e\adventure-interactions.local.spec.ts:117:3 › A11Y-01 INT-03: v2-color-petals accessible with enlarged controls in both orientations

    Error: Critical browser errors:
    Service Worker registration failed: TypeError: Cannot read properties of undefined (reading 'update')
        at rh (http://127.0.0.1:4179/assets/index-Bs75Av6o.js:9:1693144)

    expect(received).toEqual(expected) // deep equality

    - Expected  - 1
    + Received  + 4

    - Array []
    + Array [
    +   "Service Worker registration failed: TypeError: Cannot read properties of undefined (reading 'update')
    +     at rh (http://127.0.0.1:4179/assets/index-Bs75Av6o.js:9:1693144)",
    + ]
        at rh (http://127.0.0.1:4179/assets/index-Bs75Av6o.js:9:1693144)
        at guard (C:\Dev\kids-learning-adventure\tests\e2e\helpers.ts:20:81)
        at C:\Dev\kids-learning-adventure\tests\e2e\adventure-interactions.local.spec.ts:183:5

    attachment #1: screenshot (image/png) ──────────────────────────────────────────────────────────
    tmp\qa-final\acceptance\e2e-adventure-interactions-2503a-ntrols-in-both-orientations-mobile-chrome\test-failed-1.png
    ────────────────────────────────────────────────────────────────────────────────────────────────

    attachment #2: video (video/webm) ──────────────────────────────────────────────────────────────
    tmp\qa-final\acceptance\e2e-adventure-interactions-2503a-ntrols-in-both-orientations-mobile-chrome\video-1.webm
    ────────────────────────────────────────────────────────────────────────────────────────────────

    attachment #3: video (video/webm) ──────────────────────────────────────────────────────────────
    tmp\qa-final\acceptance\e2e-adventure-interactions-2503a-ntrols-in-both-orientations-mobile-chrome\video-2.webm
    ────────────────────────────────────────────────────────────────────────────────────────────────

    attachment #4: video (video/webm) ──────────────────────────────────────────────────────────────
    tmp\qa-final\acceptance\e2e-adventure-interactions-2503a-ntrols-in-both-orientations-mobile-chrome\video.webm
    ────────────────────────────────────────────────────────────────────────────────────────────────

    Error Context: tmp\qa-final\acceptance\e2e-adventure-interactions-2503a-ntrols-in-both-orientations-mobile-chrome\error-context.md

    attachment #6: trace (application/zip) ─────────────────────────────────────────────────────────
    tmp\qa-final\acceptance\e2e-adventure-interactions-2503a-ntrols-in-both-orientations-mobile-chrome\trace.zip
    Usage:

        npx playwright show-trace tmp\qa-final\acceptance\e2e-adventure-interactions-2503a-ntrols-in-both-orientations-mobile-chrome\trace.zip

    ────────────────────────────────────────────────────────────────────────────────────────────────

  22) [mobile-chrome] › tests\e2e\adventure-interactions.local.spec.ts:117:3 › A11Y-01 INT-03: v2-color-orange accessible with enlarged controls in both orientations

    Error: Critical browser errors:
    Service Worker registration failed: TypeError: Cannot read properties of undefined (reading 'update')
        at rh (http://127.0.0.1:4179/assets/index-Bs75Av6o.js:9:1693144)

    expect(received).toEqual(expected) // deep equality

    - Expected  - 1
    + Received  + 4

    - Array []
    + Array [
    +   "Service Worker registration failed: TypeError: Cannot read properties of undefined (reading 'update')
    +     at rh (http://127.0.0.1:4179/assets/index-Bs75Av6o.js:9:1693144)",
    + ]
        at rh (http://127.0.0.1:4179/assets/index-Bs75Av6o.js:9:1693144)
        at guard (C:\Dev\kids-learning-adventure\tests\e2e\helpers.ts:20:81)
        at C:\Dev\kids-learning-adventure\tests\e2e\adventure-interactions.local.spec.ts:183:5

    attachment #1: screenshot (image/png) ──────────────────────────────────────────────────────────
    tmp\qa-final\acceptance\e2e-adventure-interactions-02ab7-ntrols-in-both-orientations-mobile-chrome\test-failed-1.png
    ────────────────────────────────────────────────────────────────────────────────────────────────

    attachment #2: video (video/webm) ──────────────────────────────────────────────────────────────
    tmp\qa-final\acceptance\e2e-adventure-interactions-02ab7-ntrols-in-both-orientations-mobile-chrome\video.webm
    ────────────────────────────────────────────────────────────────────────────────────────────────

    attachment #3: video (video/webm) ──────────────────────────────────────────────────────────────
    tmp\qa-final\acceptance\e2e-adventure-interactions-02ab7-ntrols-in-both-orientations-mobile-chrome\video-2.webm
    ────────────────────────────────────────────────────────────────────────────────────────────────

    attachment #4: video (video/webm) ──────────────────────────────────────────────────────────────
    tmp\qa-final\acceptance\e2e-adventure-interactions-02ab7-ntrols-in-both-orientations-mobile-chrome\video-1.webm
    ────────────────────────────────────────────────────────────────────────────────────────────────

    Error Context: tmp\qa-final\acceptance\e2e-adventure-interactions-02ab7-ntrols-in-both-orientations-mobile-chrome\error-context.md

    attachment #6: trace (application/zip) ─────────────────────────────────────────────────────────
    tmp\qa-final\acceptance\e2e-adventure-interactions-02ab7-ntrols-in-both-orientations-mobile-chrome\trace.zip
    Usage:

        npx playwright show-trace tmp\qa-final\acceptance\e2e-adventure-interactions-02ab7-ntrols-in-both-orientations-mobile-chrome\trace.zip

    ────────────────────────────────────────────────────────────────────────────────────────────────

  23) [mobile-safari] › tests\e2e\adventure-interactions.local.spec.ts:11:1 › COL-01: finger paint stays clipped, survives cancellation and requires a choice

    Error: Critical browser errors:
    Service Worker registration failed: TypeError: undefined is not an object (evaluating 'e.update')

    expect(received).toEqual(expected) // deep equality

    - Expected  - 1
    + Received  + 3

    - Array []
    + Array [
    +   "Service Worker registration failed: TypeError: undefined is not an object (evaluating 'e.update')",
    + ]

       at e2e\helpers.ts:20

      18 |   });
      19 |   page.on('pageerror', (error) => errors.push(error.message));
    > 20 |   return () => expect(errors, `Critical browser errors:\n${errors.join('\n')}`).toEqual([]);
         |                                                                                 ^
      21 | }
      22 |
      23 | export async function gotoFreshApp(page: Page) {
        at guard (C:\Dev\kids-learning-adventure\tests\e2e\helpers.ts:20:81)
        at C:\Dev\kids-learning-adventure\tests\e2e\adventure-interactions.local.spec.ts:56:3

    attachment #1: screenshot (image/png) ──────────────────────────────────────────────────────────
    tmp\qa-final\acceptance\e2e-adventure-interactions-bc9bc-ation-and-requires-a-choice-mobile-safari\test-failed-1.png
    ────────────────────────────────────────────────────────────────────────────────────────────────

    attachment #2: video (video/webm) ──────────────────────────────────────────────────────────────
    tmp\qa-final\acceptance\e2e-adventure-interactions-bc9bc-ation-and-requires-a-choice-mobile-safari\video.webm
    ────────────────────────────────────────────────────────────────────────────────────────────────

    Error Context: tmp\qa-final\acceptance\e2e-adventure-interactions-bc9bc-ation-and-requires-a-choice-mobile-safari\error-context.md

    attachment #4: trace (application/zip) ─────────────────────────────────────────────────────────
    tmp\qa-final\acceptance\e2e-adventure-interactions-bc9bc-ation-and-requires-a-choice-mobile-safari\trace.zip
    Usage:

        npx playwright show-trace tmp\qa-final\acceptance\e2e-adventure-interactions-bc9bc-ation-and-requires-a-choice-mobile-safari\trace.zip

    ────────────────────────────────────────────────────────────────────────────────────────────────

  24) [mobile-safari] › tests\e2e\adventure-interactions.local.spec.ts:59:1 › INT-01: extra pointer does not cancel the active drag; resizing does

    Error: Critical browser errors:
    Service Worker registration failed: TypeError: undefined is not an object (evaluating 'e.update')

    expect(received).toEqual(expected) // deep equality

    - Expected  - 1
    + Received  + 3

    - Array []
    + Array [
    +   "Service Worker registration failed: TypeError: undefined is not an object (evaluating 'e.update')",
    + ]

       at e2e\helpers.ts:20

      18 |   });
      19 |   page.on('pageerror', (error) => errors.push(error.message));
    > 20 |   return () => expect(errors, `Critical browser errors:\n${errors.join('\n')}`).toEqual([]);
         |                                                                                 ^
      21 | }
      22 |
      23 | export async function gotoFreshApp(page: Page) {
        at guard (C:\Dev\kids-learning-adventure\tests\e2e\helpers.ts:20:81)
        at C:\Dev\kids-learning-adventure\tests\e2e\adventure-interactions.local.spec.ts:91:3

    attachment #1: screenshot (image/png) ──────────────────────────────────────────────────────────
    tmp\qa-final\acceptance\e2e-adventure-interactions-2374d-e-active-drag-resizing-does-mobile-safari\test-failed-1.png
    ────────────────────────────────────────────────────────────────────────────────────────────────

    attachment #2: video (video/webm) ──────────────────────────────────────────────────────────────
    tmp\qa-final\acceptance\e2e-adventure-interactions-2374d-e-active-drag-resizing-does-mobile-safari\video.webm
    ────────────────────────────────────────────────────────────────────────────────────────────────

    Error Context: tmp\qa-final\acceptance\e2e-adventure-interactions-2374d-e-active-drag-resizing-does-mobile-safari\error-context.md

    attachment #4: trace (application/zip) ─────────────────────────────────────────────────────────
    tmp\qa-final\acceptance\e2e-adventure-interactions-2374d-e-active-drag-resizing-does-mobile-safari\trace.zip
    Usage:

        npx playwright show-trace tmp\qa-final\acceptance\e2e-adventure-interactions-2374d-e-active-drag-resizing-does-mobile-safari\trace.zip

    ────────────────────────────────────────────────────────────────────────────────────────────────

  25) [mobile-safari] › tests\e2e\adventure-interactions.local.spec.ts:117:3 › A11Y-01 INT-03: v2-letter-bridge accessible with enlarged controls in both orientations

    Error: Critical browser errors:
    Service Worker registration failed: TypeError: undefined is not an object (evaluating 'e.update')

    expect(received).toEqual(expected) // deep equality

    - Expected  - 1
    + Received  + 3

    - Array []
    + Array [
    +   "Service Worker registration failed: TypeError: undefined is not an object (evaluating 'e.update')",
    + ]

       at e2e\helpers.ts:20

      18 |   });
      19 |   page.on('pageerror', (error) => errors.push(error.message));
    > 20 |   return () => expect(errors, `Critical browser errors:\n${errors.join('\n')}`).toEqual([]);
         |                                                                                 ^
      21 | }
      22 |
      23 | export async function gotoFreshApp(page: Page) {
        at guard (C:\Dev\kids-learning-adventure\tests\e2e\helpers.ts:20:81)
        at C:\Dev\kids-learning-adventure\tests\e2e\adventure-interactions.local.spec.ts:183:5

    attachment #1: screenshot (image/png) ──────────────────────────────────────────────────────────
    tmp\qa-final\acceptance\e2e-adventure-interactions-8b6a0-ntrols-in-both-orientations-mobile-safari\test-failed-1.png
    ────────────────────────────────────────────────────────────────────────────────────────────────

    attachment #2: video (video/webm) ──────────────────────────────────────────────────────────────
    tmp\qa-final\acceptance\e2e-adventure-interactions-8b6a0-ntrols-in-both-orientations-mobile-safari\video.webm
    ────────────────────────────────────────────────────────────────────────────────────────────────

    attachment #3: video (video/webm) ──────────────────────────────────────────────────────────────
    tmp\qa-final\acceptance\e2e-adventure-interactions-8b6a0-ntrols-in-both-orientations-mobile-safari\video-1.webm
    ────────────────────────────────────────────────────────────────────────────────────────────────

    attachment #4: video (video/webm) ──────────────────────────────────────────────────────────────
    tmp\qa-final\acceptance\e2e-adventure-interactions-8b6a0-ntrols-in-both-orientations-mobile-safari\video-2.webm
    ────────────────────────────────────────────────────────────────────────────────────────────────

    Error Context: tmp\qa-final\acceptance\e2e-adventure-interactions-8b6a0-ntrols-in-both-orientations-mobile-safari\error-context.md

    attachment #6: trace (application/zip) ─────────────────────────────────────────────────────────
    tmp\qa-final\acceptance\e2e-adventure-interactions-8b6a0-ntrols-in-both-orientations-mobile-safari\trace.zip
    Usage:

        npx playwright show-trace tmp\qa-final\acceptance\e2e-adventure-interactions-8b6a0-ntrols-in-both-orientations-mobile-safari\trace.zip

    ────────────────────────────────────────────────────────────────────────────────────────────────

  26) [mobile-safari] › tests\e2e\adventure-interactions.local.spec.ts:117:3 › A11Y-01 INT-03: v2-number-breakfast accessible with enlarged controls in both orientations

    Error: Critical browser errors:
    Service Worker registration failed: TypeError: undefined is not an object (evaluating 'e.update')

    expect(received).toEqual(expected) // deep equality

    - Expected  - 1
    + Received  + 3

    - Array []
    + Array [
    +   "Service Worker registration failed: TypeError: undefined is not an object (evaluating 'e.update')",
    + ]

       at e2e\helpers.ts:20

      18 |   });
      19 |   page.on('pageerror', (error) => errors.push(error.message));
    > 20 |   return () => expect(errors, `Critical browser errors:\n${errors.join('\n')}`).toEqual([]);
         |                                                                                 ^
      21 | }
      22 |
      23 | export async function gotoFreshApp(page: Page) {
        at guard (C:\Dev\kids-learning-adventure\tests\e2e\helpers.ts:20:81)
        at C:\Dev\kids-learning-adventure\tests\e2e\adventure-interactions.local.spec.ts:183:5

    attachment #1: screenshot (image/png) ──────────────────────────────────────────────────────────
    tmp\qa-final\acceptance\e2e-adventure-interactions-f8503-ntrols-in-both-orientations-mobile-safari\test-failed-1.png
    ────────────────────────────────────────────────────────────────────────────────────────────────

    attachment #2: video (video/webm) ──────────────────────────────────────────────────────────────
    tmp\qa-final\acceptance\e2e-adventure-interactions-f8503-ntrols-in-both-orientations-mobile-safari\video-1.webm
    ────────────────────────────────────────────────────────────────────────────────────────────────

    attachment #3: video (video/webm) ──────────────────────────────────────────────────────────────
    tmp\qa-final\acceptance\e2e-adventure-interactions-f8503-ntrols-in-both-orientations-mobile-safari\video-2.webm
    ────────────────────────────────────────────────────────────────────────────────────────────────

    attachment #4: video (video/webm) ──────────────────────────────────────────────────────────────
    tmp\qa-final\acceptance\e2e-adventure-interactions-f8503-ntrols-in-both-orientations-mobile-safari\video.webm
    ────────────────────────────────────────────────────────────────────────────────────────────────

    Error Context: tmp\qa-final\acceptance\e2e-adventure-interactions-f8503-ntrols-in-both-orientations-mobile-safari\error-context.md

    attachment #6: trace (application/zip) ─────────────────────────────────────────────────────────
    tmp\qa-final\acceptance\e2e-adventure-interactions-f8503-ntrols-in-both-orientations-mobile-safari\trace.zip
    Usage:

        npx playwright show-trace tmp\qa-final\acceptance\e2e-adventure-interactions-f8503-ntrols-in-both-orientations-mobile-safari\trace.zip

    ────────────────────────────────────────────────────────────────────────────────────────────────

  27) [mobile-safari] › tests\e2e\adventure-interactions.local.spec.ts:117:3 › A11Y-01 INT-03: v2-shape-windmill accessible with enlarged controls in both orientations

    Error: Critical browser errors:
    Service Worker registration failed: TypeError: undefined is not an object (evaluating 'e.update')

    expect(received).toEqual(expected) // deep equality

    - Expected  - 1
    + Received  + 3

    - Array []
    + Array [
    +   "Service Worker registration failed: TypeError: undefined is not an object (evaluating 'e.update')",
    + ]

       at e2e\helpers.ts:20

      18 |   });
      19 |   page.on('pageerror', (error) => errors.push(error.message));
    > 20 |   return () => expect(errors, `Critical browser errors:\n${errors.join('\n')}`).toEqual([]);
         |                                                                                 ^
      21 | }
      22 |
      23 | export async function gotoFreshApp(page: Page) {
        at guard (C:\Dev\kids-learning-adventure\tests\e2e\helpers.ts:20:81)
        at C:\Dev\kids-learning-adventure\tests\e2e\adventure-interactions.local.spec.ts:183:5

    attachment #1: screenshot (image/png) ──────────────────────────────────────────────────────────
    tmp\qa-final\acceptance\e2e-adventure-interactions-dae06-ntrols-in-both-orientations-mobile-safari\test-failed-1.png
    ────────────────────────────────────────────────────────────────────────────────────────────────

    attachment #2: video (video/webm) ──────────────────────────────────────────────────────────────
    tmp\qa-final\acceptance\e2e-adventure-interactions-dae06-ntrols-in-both-orientations-mobile-safari\video-1.webm
    ────────────────────────────────────────────────────────────────────────────────────────────────

    attachment #3: video (video/webm) ──────────────────────────────────────────────────────────────
    tmp\qa-final\acceptance\e2e-adventure-interactions-dae06-ntrols-in-both-orientations-mobile-safari\video-2.webm
    ────────────────────────────────────────────────────────────────────────────────────────────────

    attachment #4: video (video/webm) ──────────────────────────────────────────────────────────────
    tmp\qa-final\acceptance\e2e-adventure-interactions-dae06-ntrols-in-both-orientations-mobile-safari\video.webm
    ────────────────────────────────────────────────────────────────────────────────────────────────

    Error Context: tmp\qa-final\acceptance\e2e-adventure-interactions-dae06-ntrols-in-both-orientations-mobile-safari\error-context.md

    attachment #6: trace (application/zip) ─────────────────────────────────────────────────────────
    tmp\qa-final\acceptance\e2e-adventure-interactions-dae06-ntrols-in-both-orientations-mobile-safari\trace.zip
    Usage:

        npx playwright show-trace tmp\qa-final\acceptance\e2e-adventure-interactions-dae06-ntrols-in-both-orientations-mobile-safari\trace.zip

    ────────────────────────────────────────────────────────────────────────────────────────────────

  28) [mobile-safari] › tests\e2e\adventure-interactions.local.spec.ts:117:3 › A11Y-01 INT-03: v2-color-petals accessible with enlarged controls in both orientations

    Error: Critical browser errors:
    Service Worker registration failed: TypeError: undefined is not an object (evaluating 'e.update')

    expect(received).toEqual(expected) // deep equality

    - Expected  - 1
    + Received  + 3

    - Array []
    + Array [
    +   "Service Worker registration failed: TypeError: undefined is not an object (evaluating 'e.update')",
    + ]

       at e2e\helpers.ts:20

      18 |   });
      19 |   page.on('pageerror', (error) => errors.push(error.message));
    > 20 |   return () => expect(errors, `Critical browser errors:\n${errors.join('\n')}`).toEqual([]);
         |                                                                                 ^
      21 | }
      22 |
      23 | export async function gotoFreshApp(page: Page) {
        at guard (C:\Dev\kids-learning-adventure\tests\e2e\helpers.ts:20:81)
        at C:\Dev\kids-learning-adventure\tests\e2e\adventure-interactions.local.spec.ts:183:5

    attachment #1: screenshot (image/png) ──────────────────────────────────────────────────────────
    tmp\qa-final\acceptance\e2e-adventure-interactions-2503a-ntrols-in-both-orientations-mobile-safari\test-failed-1.png
    ────────────────────────────────────────────────────────────────────────────────────────────────

    attachment #2: video (video/webm) ──────────────────────────────────────────────────────────────
    tmp\qa-final\acceptance\e2e-adventure-interactions-2503a-ntrols-in-both-orientations-mobile-safari\video.webm
    ────────────────────────────────────────────────────────────────────────────────────────────────

    attachment #3: video (video/webm) ──────────────────────────────────────────────────────────────
    tmp\qa-final\acceptance\e2e-adventure-interactions-2503a-ntrols-in-both-orientations-mobile-safari\video-1.webm
    ────────────────────────────────────────────────────────────────────────────────────────────────

    attachment #4: video (video/webm) ──────────────────────────────────────────────────────────────
    tmp\qa-final\acceptance\e2e-adventure-interactions-2503a-ntrols-in-both-orientations-mobile-safari\video-2.webm
    ────────────────────────────────────────────────────────────────────────────────────────────────

    Error Context: tmp\qa-final\acceptance\e2e-adventure-interactions-2503a-ntrols-in-both-orientations-mobile-safari\error-context.md

    attachment #6: trace (application/zip) ─────────────────────────────────────────────────────────
    tmp\qa-final\acceptance\e2e-adventure-interactions-2503a-ntrols-in-both-orientations-mobile-safari\trace.zip
    Usage:

        npx playwright show-trace tmp\qa-final\acceptance\e2e-adventure-interactions-2503a-ntrols-in-both-orientations-mobile-safari\trace.zip

    ────────────────────────────────────────────────────────────────────────────────────────────────

  29) [mobile-safari] › tests\e2e\adventure-interactions.local.spec.ts:117:3 › A11Y-01 INT-03: v2-color-orange accessible with enlarged controls in both orientations

    Error: Critical browser errors:
    Service Worker registration failed: TypeError: undefined is not an object (evaluating 'e.update')

    expect(received).toEqual(expected) // deep equality

    - Expected  - 1
    + Received  + 3

    - Array []
    + Array [
    +   "Service Worker registration failed: TypeError: undefined is not an object (evaluating 'e.update')",
    + ]

       at e2e\helpers.ts:20

      18 |   });
      19 |   page.on('pageerror', (error) => errors.push(error.message));
    > 20 |   return () => expect(errors, `Critical browser errors:\n${errors.join('\n')}`).toEqual([]);
         |                                                                                 ^
      21 | }
      22 |
      23 | export async function gotoFreshApp(page: Page) {
        at guard (C:\Dev\kids-learning-adventure\tests\e2e\helpers.ts:20:81)
        at C:\Dev\kids-learning-adventure\tests\e2e\adventure-interactions.local.spec.ts:183:5

    attachment #1: screenshot (image/png) ──────────────────────────────────────────────────────────
    tmp\qa-final\acceptance\e2e-adventure-interactions-02ab7-ntrols-in-both-orientations-mobile-safari\test-failed-1.png
    ────────────────────────────────────────────────────────────────────────────────────────────────

    attachment #2: video (video/webm) ──────────────────────────────────────────────────────────────
    tmp\qa-final\acceptance\e2e-adventure-interactions-02ab7-ntrols-in-both-orientations-mobile-safari\video-2.webm
    ────────────────────────────────────────────────────────────────────────────────────────────────

    attachment #3: video (video/webm) ──────────────────────────────────────────────────────────────
    tmp\qa-final\acceptance\e2e-adventure-interactions-02ab7-ntrols-in-both-orientations-mobile-safari\video-1.webm
    ────────────────────────────────────────────────────────────────────────────────────────────────

    attachment #4: video (video/webm) ──────────────────────────────────────────────────────────────
    tmp\qa-final\acceptance\e2e-adventure-interactions-02ab7-ntrols-in-both-orientations-mobile-safari\video.webm
    ────────────────────────────────────────────────────────────────────────────────────────────────

    Error Context: tmp\qa-final\acceptance\e2e-adventure-interactions-02ab7-ntrols-in-both-orientations-mobile-safari\error-context.md

    attachment #6: trace (application/zip) ─────────────────────────────────────────────────────────
    tmp\qa-final\acceptance\e2e-adventure-interactions-02ab7-ntrols-in-both-orientations-mobile-safari\trace.zip
    Usage:

        npx playwright show-trace tmp\qa-final\acceptance\e2e-adventure-interactions-02ab7-ntrols-in-both-orientations-mobile-safari\trace.zip

    ────────────────────────────────────────────────────────────────────────────────────────────────

  30) [mobile-safari] › tests\e2e\visual.local.spec.ts:9:1 › keeps welcome and menu framed without overflow

    Error: expect(received).toBeLessThanOrEqual(expected)

    Expected: <= 390
    Received:    422

      27 |   await expect(page.locator('.home-grid')).toBeVisible();
      28 |   await page.screenshot({ path: `${outputDir}/menu-${safeProjectName(testInfo.project.name)}.png`, fullPage: true });
    > 29 |   expect(await page.evaluate(() => document.documentElement.scrollWidth)).toBeLessThanOrEqual(await page.evaluate(() => window.innerWidth));
         |                                                                           ^
      30 | });
      31 |
      32 | test('renders earned and unearned stars as distinct non-gray rewards', async ({ page }, testInfo) => {
        at C:\Dev\kids-learning-adventure\tests\e2e\visual.local.spec.ts:29:75

    attachment #1: screenshot (image/png) ──────────────────────────────────────────────────────────
    tmp\qa-final\acceptance\e2e-visual.local-keeps-wel-f2910-enu-framed-without-overflow-mobile-safari\test-failed-1.png
    ────────────────────────────────────────────────────────────────────────────────────────────────

    attachment #2: video (video/webm) ──────────────────────────────────────────────────────────────
    tmp\qa-final\acceptance\e2e-visual.local-keeps-wel-f2910-enu-framed-without-overflow-mobile-safari\video.webm
    ────────────────────────────────────────────────────────────────────────────────────────────────

    Error Context: tmp\qa-final\acceptance\e2e-visual.local-keeps-wel-f2910-enu-framed-without-overflow-mobile-safari\error-context.md

    attachment #4: trace (application/zip) ─────────────────────────────────────────────────────────
    tmp\qa-final\acceptance\e2e-visual.local-keeps-wel-f2910-enu-framed-without-overflow-mobile-safari\trace.zip
    Usage:

        npx playwright show-trace tmp\qa-final\acceptance\e2e-visual.local-keeps-wel-f2910-enu-framed-without-overflow-mobile-safari\trace.zip

    ────────────────────────────────────────────────────────────────────────────────────────────────

  31) [mobile-android-tablet] › tests\e2e\adventure-interactions.local.spec.ts:11:1 › COL-01: finger paint stays clipped, survives cancellation and requires a choice

    Error: Critical browser errors:
    Service Worker registration failed: TypeError: Cannot read properties of undefined (reading 'update')
        at rh (http://127.0.0.1:4179/assets/index-Bs75Av6o.js:9:1693144)

    expect(received).toEqual(expected) // deep equality

    - Expected  - 1
    + Received  + 4

    - Array []
    + Array [
    +   "Service Worker registration failed: TypeError: Cannot read properties of undefined (reading 'update')
    +     at rh (http://127.0.0.1:4179/assets/index-Bs75Av6o.js:9:1693144)",
    + ]
        at rh (http://127.0.0.1:4179/assets/index-Bs75Av6o.js:9:1693144)
        at guard (C:\Dev\kids-learning-adventure\tests\e2e\helpers.ts:20:81)
        at C:\Dev\kids-learning-adventure\tests\e2e\adventure-interactions.local.spec.ts:56:3

    attachment #1: screenshot (image/png) ──────────────────────────────────────────────────────────
    tmp\qa-final\acceptance\e2e-adventure-interactions-bc9bc-ation-and-requires-a-choice-mobile-android-tablet\test-failed-1.png
    ────────────────────────────────────────────────────────────────────────────────────────────────

    attachment #2: video (video/webm) ──────────────────────────────────────────────────────────────
    tmp\qa-final\acceptance\e2e-adventure-interactions-bc9bc-ation-and-requires-a-choice-mobile-android-tablet\video.webm
    ────────────────────────────────────────────────────────────────────────────────────────────────

    Error Context: tmp\qa-final\acceptance\e2e-adventure-interactions-bc9bc-ation-and-requires-a-choice-mobile-android-tablet\error-context.md

    attachment #4: trace (application/zip) ─────────────────────────────────────────────────────────
    tmp\qa-final\acceptance\e2e-adventure-interactions-bc9bc-ation-and-requires-a-choice-mobile-android-tablet\trace.zip
    Usage:

        npx playwright show-trace tmp\qa-final\acceptance\e2e-adventure-interactions-bc9bc-ation-and-requires-a-choice-mobile-android-tablet\trace.zip

    ────────────────────────────────────────────────────────────────────────────────────────────────

  32) [mobile-android-tablet] › tests\e2e\adventure-interactions.local.spec.ts:59:1 › INT-01: extra pointer does not cancel the active drag; resizing does

    Error: Critical browser errors:
    Service Worker registration failed: TypeError: Cannot read properties of undefined (reading 'update')
        at rh (http://127.0.0.1:4179/assets/index-Bs75Av6o.js:9:1693144)

    expect(received).toEqual(expected) // deep equality

    - Expected  - 1
    + Received  + 4

    - Array []
    + Array [
    +   "Service Worker registration failed: TypeError: Cannot read properties of undefined (reading 'update')
    +     at rh (http://127.0.0.1:4179/assets/index-Bs75Av6o.js:9:1693144)",
    + ]
        at rh (http://127.0.0.1:4179/assets/index-Bs75Av6o.js:9:1693144)
        at guard (C:\Dev\kids-learning-adventure\tests\e2e\helpers.ts:20:81)
        at C:\Dev\kids-learning-adventure\tests\e2e\adventure-interactions.local.spec.ts:91:3

    attachment #1: screenshot (image/png) ──────────────────────────────────────────────────────────
    tmp\qa-final\acceptance\e2e-adventure-interactions-2374d-e-active-drag-resizing-does-mobile-android-tablet\test-failed-1.png
    ────────────────────────────────────────────────────────────────────────────────────────────────

    attachment #2: video (video/webm) ──────────────────────────────────────────────────────────────
    tmp\qa-final\acceptance\e2e-adventure-interactions-2374d-e-active-drag-resizing-does-mobile-android-tablet\video.webm
    ────────────────────────────────────────────────────────────────────────────────────────────────

    Error Context: tmp\qa-final\acceptance\e2e-adventure-interactions-2374d-e-active-drag-resizing-does-mobile-android-tablet\error-context.md

    attachment #4: trace (application/zip) ─────────────────────────────────────────────────────────
    tmp\qa-final\acceptance\e2e-adventure-interactions-2374d-e-active-drag-resizing-does-mobile-android-tablet\trace.zip
    Usage:

        npx playwright show-trace tmp\qa-final\acceptance\e2e-adventure-interactions-2374d-e-active-drag-resizing-does-mobile-android-tablet\trace.zip

    ────────────────────────────────────────────────────────────────────────────────────────────────

  33) [mobile-android-tablet] › tests\e2e\adventure-interactions.local.spec.ts:117:3 › A11Y-01 INT-03: v2-letter-bridge accessible with enlarged controls in both orientations

    Error: Critical browser errors:
    Service Worker registration failed: TypeError: Cannot read properties of undefined (reading 'update')
        at rh (http://127.0.0.1:4179/assets/index-Bs75Av6o.js:9:1693144)

    expect(received).toEqual(expected) // deep equality

    - Expected  - 1
    + Received  + 4

    - Array []
    + Array [
    +   "Service Worker registration failed: TypeError: Cannot read properties of undefined (reading 'update')
    +     at rh (http://127.0.0.1:4179/assets/index-Bs75Av6o.js:9:1693144)",
    + ]
        at rh (http://127.0.0.1:4179/assets/index-Bs75Av6o.js:9:1693144)
        at guard (C:\Dev\kids-learning-adventure\tests\e2e\helpers.ts:20:81)
        at C:\Dev\kids-learning-adventure\tests\e2e\adventure-interactions.local.spec.ts:183:5

    attachment #1: screenshot (image/png) ──────────────────────────────────────────────────────────
    tmp\qa-final\acceptance\e2e-adventure-interactions-8b6a0-ntrols-in-both-orientations-mobile-android-tablet\test-failed-1.png
    ────────────────────────────────────────────────────────────────────────────────────────────────

    attachment #2: video (video/webm) ──────────────────────────────────────────────────────────────
    tmp\qa-final\acceptance\e2e-adventure-interactions-8b6a0-ntrols-in-both-orientations-mobile-android-tablet\video-2.webm
    ────────────────────────────────────────────────────────────────────────────────────────────────

    attachment #3: video (video/webm) ──────────────────────────────────────────────────────────────
    tmp\qa-final\acceptance\e2e-adventure-interactions-8b6a0-ntrols-in-both-orientations-mobile-android-tablet\video-1.webm
    ────────────────────────────────────────────────────────────────────────────────────────────────

    attachment #4: video (video/webm) ──────────────────────────────────────────────────────────────
    tmp\qa-final\acceptance\e2e-adventure-interactions-8b6a0-ntrols-in-both-orientations-mobile-android-tablet\video.webm
    ────────────────────────────────────────────────────────────────────────────────────────────────

    Error Context: tmp\qa-final\acceptance\e2e-adventure-interactions-8b6a0-ntrols-in-both-orientations-mobile-android-tablet\error-context.md

    attachment #6: trace (application/zip) ─────────────────────────────────────────────────────────
    tmp\qa-final\acceptance\e2e-adventure-interactions-8b6a0-ntrols-in-both-orientations-mobile-android-tablet\trace.zip
    Usage:

        npx playwright show-trace tmp\qa-final\acceptance\e2e-adventure-interactions-8b6a0-ntrols-in-both-orientations-mobile-android-tablet\trace.zip

    ────────────────────────────────────────────────────────────────────────────────────────────────

  34) [mobile-android-tablet] › tests\e2e\adventure-interactions.local.spec.ts:117:3 › A11Y-01 INT-03: v2-number-breakfast accessible with enlarged controls in both orientations

    Error: Critical browser errors:
    Service Worker registration failed: TypeError: Cannot read properties of undefined (reading 'update')
        at rh (http://127.0.0.1:4179/assets/index-Bs75Av6o.js:9:1693144)

    expect(received).toEqual(expected) // deep equality

    - Expected  - 1
    + Received  + 4

    - Array []
    + Array [
    +   "Service Worker registration failed: TypeError: Cannot read properties of undefined (reading 'update')
    +     at rh (http://127.0.0.1:4179/assets/index-Bs75Av6o.js:9:1693144)",
    + ]
        at rh (http://127.0.0.1:4179/assets/index-Bs75Av6o.js:9:1693144)
        at guard (C:\Dev\kids-learning-adventure\tests\e2e\helpers.ts:20:81)
        at C:\Dev\kids-learning-adventure\tests\e2e\adventure-interactions.local.spec.ts:183:5

    attachment #1: screenshot (image/png) ──────────────────────────────────────────────────────────
    tmp\qa-final\acceptance\e2e-adventure-interactions-f8503-ntrols-in-both-orientations-mobile-android-tablet\test-failed-1.png
    ────────────────────────────────────────────────────────────────────────────────────────────────

    attachment #2: video (video/webm) ──────────────────────────────────────────────────────────────
    tmp\qa-final\acceptance\e2e-adventure-interactions-f8503-ntrols-in-both-orientations-mobile-android-tablet\video-1.webm
    ────────────────────────────────────────────────────────────────────────────────────────────────

    attachment #3: video (video/webm) ──────────────────────────────────────────────────────────────
    tmp\qa-final\acceptance\e2e-adventure-interactions-f8503-ntrols-in-both-orientations-mobile-android-tablet\video.webm
    ────────────────────────────────────────────────────────────────────────────────────────────────

    attachment #4: video (video/webm) ──────────────────────────────────────────────────────────────
    tmp\qa-final\acceptance\e2e-adventure-interactions-f8503-ntrols-in-both-orientations-mobile-android-tablet\video-2.webm
    ────────────────────────────────────────────────────────────────────────────────────────────────

    Error Context: tmp\qa-final\acceptance\e2e-adventure-interactions-f8503-ntrols-in-both-orientations-mobile-android-tablet\error-context.md

    attachment #6: trace (application/zip) ─────────────────────────────────────────────────────────
    tmp\qa-final\acceptance\e2e-adventure-interactions-f8503-ntrols-in-both-orientations-mobile-android-tablet\trace.zip
    Usage:

        npx playwright show-trace tmp\qa-final\acceptance\e2e-adventure-interactions-f8503-ntrols-in-both-orientations-mobile-android-tablet\trace.zip

    ────────────────────────────────────────────────────────────────────────────────────────────────

  35) [mobile-android-tablet] › tests\e2e\adventure-interactions.local.spec.ts:117:3 › A11Y-01 INT-03: v2-shape-windmill accessible with enlarged controls in both orientations

    Error: Critical browser errors:
    Service Worker registration failed: TypeError: Cannot read properties of undefined (reading 'update')
        at rh (http://127.0.0.1:4179/assets/index-Bs75Av6o.js:9:1693144)

    expect(received).toEqual(expected) // deep equality

    - Expected  - 1
    + Received  + 4

    - Array []
    + Array [
    +   "Service Worker registration failed: TypeError: Cannot read properties of undefined (reading 'update')
    +     at rh (http://127.0.0.1:4179/assets/index-Bs75Av6o.js:9:1693144)",
    + ]
        at rh (http://127.0.0.1:4179/assets/index-Bs75Av6o.js:9:1693144)
        at guard (C:\Dev\kids-learning-adventure\tests\e2e\helpers.ts:20:81)
        at C:\Dev\kids-learning-adventure\tests\e2e\adventure-interactions.local.spec.ts:183:5

    attachment #1: screenshot (image/png) ──────────────────────────────────────────────────────────
    tmp\qa-final\acceptance\e2e-adventure-interactions-dae06-ntrols-in-both-orientations-mobile-android-tablet\test-failed-1.png
    ────────────────────────────────────────────────────────────────────────────────────────────────

    attachment #2: video (video/webm) ──────────────────────────────────────────────────────────────
    tmp\qa-final\acceptance\e2e-adventure-interactions-dae06-ntrols-in-both-orientations-mobile-android-tablet\video.webm
    ────────────────────────────────────────────────────────────────────────────────────────────────

    attachment #3: video (video/webm) ──────────────────────────────────────────────────────────────
    tmp\qa-final\acceptance\e2e-adventure-interactions-dae06-ntrols-in-both-orientations-mobile-android-tablet\video-2.webm
    ────────────────────────────────────────────────────────────────────────────────────────────────

    attachment #4: video (video/webm) ──────────────────────────────────────────────────────────────
    tmp\qa-final\acceptance\e2e-adventure-interactions-dae06-ntrols-in-both-orientations-mobile-android-tablet\video-1.webm
    ────────────────────────────────────────────────────────────────────────────────────────────────

    Error Context: tmp\qa-final\acceptance\e2e-adventure-interactions-dae06-ntrols-in-both-orientations-mobile-android-tablet\error-context.md

    attachment #6: trace (application/zip) ─────────────────────────────────────────────────────────
    tmp\qa-final\acceptance\e2e-adventure-interactions-dae06-ntrols-in-both-orientations-mobile-android-tablet\trace.zip
    Usage:

        npx playwright show-trace tmp\qa-final\acceptance\e2e-adventure-interactions-dae06-ntrols-in-both-orientations-mobile-android-tablet\trace.zip

    ────────────────────────────────────────────────────────────────────────────────────────────────

  36) [mobile-android-tablet] › tests\e2e\adventure-interactions.local.spec.ts:117:3 › A11Y-01 INT-03: v2-color-petals accessible with enlarged controls in both orientations

    Error: Critical browser errors:
    Service Worker registration failed: TypeError: Cannot read properties of undefined (reading 'update')
        at rh (http://127.0.0.1:4179/assets/index-Bs75Av6o.js:9:1693144)

    expect(received).toEqual(expected) // deep equality

    - Expected  - 1
    + Received  + 4

    - Array []
    + Array [
    +   "Service Worker registration failed: TypeError: Cannot read properties of undefined (reading 'update')
    +     at rh (http://127.0.0.1:4179/assets/index-Bs75Av6o.js:9:1693144)",
    + ]
        at rh (http://127.0.0.1:4179/assets/index-Bs75Av6o.js:9:1693144)
        at guard (C:\Dev\kids-learning-adventure\tests\e2e\helpers.ts:20:81)
        at C:\Dev\kids-learning-adventure\tests\e2e\adventure-interactions.local.spec.ts:183:5

    attachment #1: screenshot (image/png) ──────────────────────────────────────────────────────────
    tmp\qa-final\acceptance\e2e-adventure-interactions-2503a-ntrols-in-both-orientations-mobile-android-tablet\test-failed-1.png
    ────────────────────────────────────────────────────────────────────────────────────────────────

    attachment #2: video (video/webm) ──────────────────────────────────────────────────────────────
    tmp\qa-final\acceptance\e2e-adventure-interactions-2503a-ntrols-in-both-orientations-mobile-android-tablet\video.webm
    ────────────────────────────────────────────────────────────────────────────────────────────────

    attachment #3: video (video/webm) ──────────────────────────────────────────────────────────────
    tmp\qa-final\acceptance\e2e-adventure-interactions-2503a-ntrols-in-both-orientations-mobile-android-tablet\video-1.webm
    ────────────────────────────────────────────────────────────────────────────────────────────────

    attachment #4: video (video/webm) ──────────────────────────────────────────────────────────────
    tmp\qa-final\acceptance\e2e-adventure-interactions-2503a-ntrols-in-both-orientations-mobile-android-tablet\video-2.webm
    ────────────────────────────────────────────────────────────────────────────────────────────────

    Error Context: tmp\qa-final\acceptance\e2e-adventure-interactions-2503a-ntrols-in-both-orientations-mobile-android-tablet\error-context.md

    attachment #6: trace (application/zip) ─────────────────────────────────────────────────────────
    tmp\qa-final\acceptance\e2e-adventure-interactions-2503a-ntrols-in-both-orientations-mobile-android-tablet\trace.zip
    Usage:

        npx playwright show-trace tmp\qa-final\acceptance\e2e-adventure-interactions-2503a-ntrols-in-both-orientations-mobile-android-tablet\trace.zip

    ────────────────────────────────────────────────────────────────────────────────────────────────

  37) [mobile-android-tablet] › tests\e2e\adventure-interactions.local.spec.ts:117:3 › A11Y-01 INT-03: v2-color-orange accessible with enlarged controls in both orientations

    Error: Critical browser errors:
    Service Worker registration failed: TypeError: Cannot read properties of undefined (reading 'update')
        at rh (http://127.0.0.1:4179/assets/index-Bs75Av6o.js:9:1693144)

    expect(received).toEqual(expected) // deep equality

    - Expected  - 1
    + Received  + 4

    - Array []
    + Array [
    +   "Service Worker registration failed: TypeError: Cannot read properties of undefined (reading 'update')
    +     at rh (http://127.0.0.1:4179/assets/index-Bs75Av6o.js:9:1693144)",
    + ]
        at rh (http://127.0.0.1:4179/assets/index-Bs75Av6o.js:9:1693144)
        at guard (C:\Dev\kids-learning-adventure\tests\e2e\helpers.ts:20:81)
        at C:\Dev\kids-learning-adventure\tests\e2e\adventure-interactions.local.spec.ts:183:5

    attachment #1: screenshot (image/png) ──────────────────────────────────────────────────────────
    tmp\qa-final\acceptance\e2e-adventure-interactions-02ab7-ntrols-in-both-orientations-mobile-android-tablet\test-failed-1.png
    ────────────────────────────────────────────────────────────────────────────────────────────────

    attachment #2: video (video/webm) ──────────────────────────────────────────────────────────────
    tmp\qa-final\acceptance\e2e-adventure-interactions-02ab7-ntrols-in-both-orientations-mobile-android-tablet\video-1.webm
    ────────────────────────────────────────────────────────────────────────────────────────────────

    attachment #3: video (video/webm) ──────────────────────────────────────────────────────────────
    tmp\qa-final\acceptance\e2e-adventure-interactions-02ab7-ntrols-in-both-orientations-mobile-android-tablet\video-2.webm
    ────────────────────────────────────────────────────────────────────────────────────────────────

    attachment #4: video (video/webm) ──────────────────────────────────────────────────────────────
    tmp\qa-final\acceptance\e2e-adventure-interactions-02ab7-ntrols-in-both-orientations-mobile-android-tablet\video.webm
    ────────────────────────────────────────────────────────────────────────────────────────────────

    Error Context: tmp\qa-final\acceptance\e2e-adventure-interactions-02ab7-ntrols-in-both-orientations-mobile-android-tablet\error-context.md

    attachment #6: trace (application/zip) ─────────────────────────────────────────────────────────
    tmp\qa-final\acceptance\e2e-adventure-interactions-02ab7-ntrols-in-both-orientations-mobile-android-tablet\trace.zip
    Usage:

        npx playwright show-trace tmp\qa-final\acceptance\e2e-adventure-interactions-02ab7-ntrols-in-both-orientations-mobile-android-tablet\trace.zip

    ────────────────────────────────────────────────────────────────────────────────────────────────

  38) [mobile-ipad] › tests\e2e\adventure-interactions.local.spec.ts:11:1 › COL-01: finger paint stays clipped, survives cancellation and requires a choice

    Error: Critical browser errors:
    Service Worker registration failed: TypeError: undefined is not an object (evaluating 'e.update')

    expect(received).toEqual(expected) // deep equality

    - Expected  - 1
    + Received  + 3

    - Array []
    + Array [
    +   "Service Worker registration failed: TypeError: undefined is not an object (evaluating 'e.update')",
    + ]

       at e2e\helpers.ts:20

      18 |   });
      19 |   page.on('pageerror', (error) => errors.push(error.message));
    > 20 |   return () => expect(errors, `Critical browser errors:\n${errors.join('\n')}`).toEqual([]);
         |                                                                                 ^
      21 | }
      22 |
      23 | export async function gotoFreshApp(page: Page) {
        at guard (C:\Dev\kids-learning-adventure\tests\e2e\helpers.ts:20:81)
        at C:\Dev\kids-learning-adventure\tests\e2e\adventure-interactions.local.spec.ts:56:3

    attachment #1: screenshot (image/png) ──────────────────────────────────────────────────────────
    tmp\qa-final\acceptance\e2e-adventure-interactions-bc9bc-ation-and-requires-a-choice-mobile-ipad\test-failed-1.png
    ────────────────────────────────────────────────────────────────────────────────────────────────

    attachment #2: video (video/webm) ──────────────────────────────────────────────────────────────
    tmp\qa-final\acceptance\e2e-adventure-interactions-bc9bc-ation-and-requires-a-choice-mobile-ipad\video.webm
    ────────────────────────────────────────────────────────────────────────────────────────────────

    Error Context: tmp\qa-final\acceptance\e2e-adventure-interactions-bc9bc-ation-and-requires-a-choice-mobile-ipad\error-context.md

    attachment #4: trace (application/zip) ─────────────────────────────────────────────────────────
    tmp\qa-final\acceptance\e2e-adventure-interactions-bc9bc-ation-and-requires-a-choice-mobile-ipad\trace.zip
    Usage:

        npx playwright show-trace tmp\qa-final\acceptance\e2e-adventure-interactions-bc9bc-ation-and-requires-a-choice-mobile-ipad\trace.zip

    ────────────────────────────────────────────────────────────────────────────────────────────────

  39) [mobile-ipad] › tests\e2e\adventure-interactions.local.spec.ts:59:1 › INT-01: extra pointer does not cancel the active drag; resizing does

    Error: Critical browser errors:
    Service Worker registration failed: TypeError: undefined is not an object (evaluating 'e.update')

    expect(received).toEqual(expected) // deep equality

    - Expected  - 1
    + Received  + 3

    - Array []
    + Array [
    +   "Service Worker registration failed: TypeError: undefined is not an object (evaluating 'e.update')",
    + ]

       at e2e\helpers.ts:20

      18 |   });
      19 |   page.on('pageerror', (error) => errors.push(error.message));
    > 20 |   return () => expect(errors, `Critical browser errors:\n${errors.join('\n')}`).toEqual([]);
         |                                                                                 ^
      21 | }
      22 |
      23 | export async function gotoFreshApp(page: Page) {
        at guard (C:\Dev\kids-learning-adventure\tests\e2e\helpers.ts:20:81)
        at C:\Dev\kids-learning-adventure\tests\e2e\adventure-interactions.local.spec.ts:91:3

    attachment #1: screenshot (image/png) ──────────────────────────────────────────────────────────
    tmp\qa-final\acceptance\e2e-adventure-interactions-2374d-e-active-drag-resizing-does-mobile-ipad\test-failed-1.png
    ────────────────────────────────────────────────────────────────────────────────────────────────

    attachment #2: video (video/webm) ──────────────────────────────────────────────────────────────
    tmp\qa-final\acceptance\e2e-adventure-interactions-2374d-e-active-drag-resizing-does-mobile-ipad\video.webm
    ────────────────────────────────────────────────────────────────────────────────────────────────

    Error Context: tmp\qa-final\acceptance\e2e-adventure-interactions-2374d-e-active-drag-resizing-does-mobile-ipad\error-context.md

    attachment #4: trace (application/zip) ─────────────────────────────────────────────────────────
    tmp\qa-final\acceptance\e2e-adventure-interactions-2374d-e-active-drag-resizing-does-mobile-ipad\trace.zip
    Usage:

        npx playwright show-trace tmp\qa-final\acceptance\e2e-adventure-interactions-2374d-e-active-drag-resizing-does-mobile-ipad\trace.zip

    ────────────────────────────────────────────────────────────────────────────────────────────────

  40) [mobile-ipad] › tests\e2e\adventure-interactions.local.spec.ts:117:3 › A11Y-01 INT-03: v2-letter-bridge accessible with enlarged controls in both orientations

    Error: Critical browser errors:
    Service Worker registration failed: TypeError: undefined is not an object (evaluating 'e.update')

    expect(received).toEqual(expected) // deep equality

    - Expected  - 1
    + Received  + 3

    - Array []
    + Array [
    +   "Service Worker registration failed: TypeError: undefined is not an object (evaluating 'e.update')",
    + ]

       at e2e\helpers.ts:20

      18 |   });
      19 |   page.on('pageerror', (error) => errors.push(error.message));
    > 20 |   return () => expect(errors, `Critical browser errors:\n${errors.join('\n')}`).toEqual([]);
         |                                                                                 ^
      21 | }
      22 |
      23 | export async function gotoFreshApp(page: Page) {
        at guard (C:\Dev\kids-learning-adventure\tests\e2e\helpers.ts:20:81)
        at C:\Dev\kids-learning-adventure\tests\e2e\adventure-interactions.local.spec.ts:183:5

    attachment #1: screenshot (image/png) ──────────────────────────────────────────────────────────
    tmp\qa-final\acceptance\e2e-adventure-interactions-8b6a0-ntrols-in-both-orientations-mobile-ipad\test-failed-1.png
    ────────────────────────────────────────────────────────────────────────────────────────────────

    attachment #2: video (video/webm) ──────────────────────────────────────────────────────────────
    tmp\qa-final\acceptance\e2e-adventure-interactions-8b6a0-ntrols-in-both-orientations-mobile-ipad\video-2.webm
    ────────────────────────────────────────────────────────────────────────────────────────────────

    attachment #3: video (video/webm) ──────────────────────────────────────────────────────────────
    tmp\qa-final\acceptance\e2e-adventure-interactions-8b6a0-ntrols-in-both-orientations-mobile-ipad\video.webm
    ────────────────────────────────────────────────────────────────────────────────────────────────

    attachment #4: video (video/webm) ──────────────────────────────────────────────────────────────
    tmp\qa-final\acceptance\e2e-adventure-interactions-8b6a0-ntrols-in-both-orientations-mobile-ipad\video-1.webm
    ────────────────────────────────────────────────────────────────────────────────────────────────

    Error Context: tmp\qa-final\acceptance\e2e-adventure-interactions-8b6a0-ntrols-in-both-orientations-mobile-ipad\error-context.md

    attachment #6: trace (application/zip) ─────────────────────────────────────────────────────────
    tmp\qa-final\acceptance\e2e-adventure-interactions-8b6a0-ntrols-in-both-orientations-mobile-ipad\trace.zip
    Usage:

        npx playwright show-trace tmp\qa-final\acceptance\e2e-adventure-interactions-8b6a0-ntrols-in-both-orientations-mobile-ipad\trace.zip

    ────────────────────────────────────────────────────────────────────────────────────────────────

  41) [mobile-ipad] › tests\e2e\adventure-interactions.local.spec.ts:117:3 › A11Y-01 INT-03: v2-number-breakfast accessible with enlarged controls in both orientations

    Error: Critical browser errors:
    Service Worker registration failed: TypeError: undefined is not an object (evaluating 'e.update')

    expect(received).toEqual(expected) // deep equality

    - Expected  - 1
    + Received  + 3

    - Array []
    + Array [
    +   "Service Worker registration failed: TypeError: undefined is not an object (evaluating 'e.update')",
    + ]

       at e2e\helpers.ts:20

      18 |   });
      19 |   page.on('pageerror', (error) => errors.push(error.message));
    > 20 |   return () => expect(errors, `Critical browser errors:\n${errors.join('\n')}`).toEqual([]);
         |                                                                                 ^
      21 | }
      22 |
      23 | export async function gotoFreshApp(page: Page) {
        at guard (C:\Dev\kids-learning-adventure\tests\e2e\helpers.ts:20:81)
        at C:\Dev\kids-learning-adventure\tests\e2e\adventure-interactions.local.spec.ts:183:5

    attachment #1: screenshot (image/png) ──────────────────────────────────────────────────────────
    tmp\qa-final\acceptance\e2e-adventure-interactions-f8503-ntrols-in-both-orientations-mobile-ipad\test-failed-1.png
    ────────────────────────────────────────────────────────────────────────────────────────────────

    attachment #2: video (video/webm) ──────────────────────────────────────────────────────────────
    tmp\qa-final\acceptance\e2e-adventure-interactions-f8503-ntrols-in-both-orientations-mobile-ipad\video-1.webm
    ────────────────────────────────────────────────────────────────────────────────────────────────

    attachment #3: video (video/webm) ──────────────────────────────────────────────────────────────
    tmp\qa-final\acceptance\e2e-adventure-interactions-f8503-ntrols-in-both-orientations-mobile-ipad\video-2.webm
    ────────────────────────────────────────────────────────────────────────────────────────────────

    attachment #4: video (video/webm) ──────────────────────────────────────────────────────────────
    tmp\qa-final\acceptance\e2e-adventure-interactions-f8503-ntrols-in-both-orientations-mobile-ipad\video.webm
    ────────────────────────────────────────────────────────────────────────────────────────────────

    Error Context: tmp\qa-final\acceptance\e2e-adventure-interactions-f8503-ntrols-in-both-orientations-mobile-ipad\error-context.md

    attachment #6: trace (application/zip) ─────────────────────────────────────────────────────────
    tmp\qa-final\acceptance\e2e-adventure-interactions-f8503-ntrols-in-both-orientations-mobile-ipad\trace.zip
    Usage:

        npx playwright show-trace tmp\qa-final\acceptance\e2e-adventure-interactions-f8503-ntrols-in-both-orientations-mobile-ipad\trace.zip

    ────────────────────────────────────────────────────────────────────────────────────────────────

  42) [mobile-ipad] › tests\e2e\adventure-interactions.local.spec.ts:117:3 › A11Y-01 INT-03: v2-shape-windmill accessible with enlarged controls in both orientations

    Error: Critical browser errors:
    Service Worker registration failed: TypeError: undefined is not an object (evaluating 'e.update')

    expect(received).toEqual(expected) // deep equality

    - Expected  - 1
    + Received  + 3

    - Array []
    + Array [
    +   "Service Worker registration failed: TypeError: undefined is not an object (evaluating 'e.update')",
    + ]

       at e2e\helpers.ts:20

      18 |   });
      19 |   page.on('pageerror', (error) => errors.push(error.message));
    > 20 |   return () => expect(errors, `Critical browser errors:\n${errors.join('\n')}`).toEqual([]);
         |                                                                                 ^
      21 | }
      22 |
      23 | export async function gotoFreshApp(page: Page) {
        at guard (C:\Dev\kids-learning-adventure\tests\e2e\helpers.ts:20:81)
        at C:\Dev\kids-learning-adventure\tests\e2e\adventure-interactions.local.spec.ts:183:5

    attachment #1: screenshot (image/png) ──────────────────────────────────────────────────────────
    tmp\qa-final\acceptance\e2e-adventure-interactions-dae06-ntrols-in-both-orientations-mobile-ipad\test-failed-1.png
    ────────────────────────────────────────────────────────────────────────────────────────────────

    attachment #2: video (video/webm) ──────────────────────────────────────────────────────────────
    tmp\qa-final\acceptance\e2e-adventure-interactions-dae06-ntrols-in-both-orientations-mobile-ipad\video-1.webm
    ────────────────────────────────────────────────────────────────────────────────────────────────

    attachment #3: video (video/webm) ──────────────────────────────────────────────────────────────
    tmp\qa-final\acceptance\e2e-adventure-interactions-dae06-ntrols-in-both-orientations-mobile-ipad\video-2.webm
    ────────────────────────────────────────────────────────────────────────────────────────────────

    attachment #4: video (video/webm) ──────────────────────────────────────────────────────────────
    tmp\qa-final\acceptance\e2e-adventure-interactions-dae06-ntrols-in-both-orientations-mobile-ipad\video.webm
    ────────────────────────────────────────────────────────────────────────────────────────────────

    Error Context: tmp\qa-final\acceptance\e2e-adventure-interactions-dae06-ntrols-in-both-orientations-mobile-ipad\error-context.md

    attachment #6: trace (application/zip) ─────────────────────────────────────────────────────────
    tmp\qa-final\acceptance\e2e-adventure-interactions-dae06-ntrols-in-both-orientations-mobile-ipad\trace.zip
    Usage:

        npx playwright show-trace tmp\qa-final\acceptance\e2e-adventure-interactions-dae06-ntrols-in-both-orientations-mobile-ipad\trace.zip

    ────────────────────────────────────────────────────────────────────────────────────────────────

  43) [mobile-ipad] › tests\e2e\adventure-interactions.local.spec.ts:117:3 › A11Y-01 INT-03: v2-color-petals accessible with enlarged controls in both orientations

    Error: Critical browser errors:
    Service Worker registration failed: TypeError: undefined is not an object (evaluating 'e.update')

    expect(received).toEqual(expected) // deep equality

    - Expected  - 1
    + Received  + 3

    - Array []
    + Array [
    +   "Service Worker registration failed: TypeError: undefined is not an object (evaluating 'e.update')",
    + ]

       at e2e\helpers.ts:20

      18 |   });
      19 |   page.on('pageerror', (error) => errors.push(error.message));
    > 20 |   return () => expect(errors, `Critical browser errors:\n${errors.join('\n')}`).toEqual([]);
         |                                                                                 ^
      21 | }
      22 |
      23 | export async function gotoFreshApp(page: Page) {
        at guard (C:\Dev\kids-learning-adventure\tests\e2e\helpers.ts:20:81)
        at C:\Dev\kids-learning-adventure\tests\e2e\adventure-interactions.local.spec.ts:183:5

    attachment #1: screenshot (image/png) ──────────────────────────────────────────────────────────
    tmp\qa-final\acceptance\e2e-adventure-interactions-2503a-ntrols-in-both-orientations-mobile-ipad\test-failed-1.png
    ────────────────────────────────────────────────────────────────────────────────────────────────

    attachment #2: video (video/webm) ──────────────────────────────────────────────────────────────
    tmp\qa-final\acceptance\e2e-adventure-interactions-2503a-ntrols-in-both-orientations-mobile-ipad\video.webm
    ────────────────────────────────────────────────────────────────────────────────────────────────

    attachment #3: video (video/webm) ──────────────────────────────────────────────────────────────
    tmp\qa-final\acceptance\e2e-adventure-interactions-2503a-ntrols-in-both-orientations-mobile-ipad\video-1.webm
    ────────────────────────────────────────────────────────────────────────────────────────────────

    attachment #4: video (video/webm) ──────────────────────────────────────────────────────────────
    tmp\qa-final\acceptance\e2e-adventure-interactions-2503a-ntrols-in-both-orientations-mobile-ipad\video-2.webm
    ────────────────────────────────────────────────────────────────────────────────────────────────

    Error Context: tmp\qa-final\acceptance\e2e-adventure-interactions-2503a-ntrols-in-both-orientations-mobile-ipad\error-context.md

    attachment #6: trace (application/zip) ─────────────────────────────────────────────────────────
    tmp\qa-final\acceptance\e2e-adventure-interactions-2503a-ntrols-in-both-orientations-mobile-ipad\trace.zip
    Usage:

        npx playwright show-trace tmp\qa-final\acceptance\e2e-adventure-interactions-2503a-ntrols-in-both-orientations-mobile-ipad\trace.zip

    ────────────────────────────────────────────────────────────────────────────────────────────────

  44) [mobile-ipad] › tests\e2e\adventure-interactions.local.spec.ts:117:3 › A11Y-01 INT-03: v2-color-orange accessible with enlarged controls in both orientations

    Error: Critical browser errors:
    Service Worker registration failed: TypeError: undefined is not an object (evaluating 'e.update')

    expect(received).toEqual(expected) // deep equality

    - Expected  - 1
    + Received  + 3

    - Array []
    + Array [
    +   "Service Worker registration failed: TypeError: undefined is not an object (evaluating 'e.update')",
    + ]

       at e2e\helpers.ts:20

      18 |   });
      19 |   page.on('pageerror', (error) => errors.push(error.message));
    > 20 |   return () => expect(errors, `Critical browser errors:\n${errors.join('\n')}`).toEqual([]);
         |                                                                                 ^
      21 | }
      22 |
      23 | export async function gotoFreshApp(page: Page) {
        at guard (C:\Dev\kids-learning-adventure\tests\e2e\helpers.ts:20:81)
        at C:\Dev\kids-learning-adventure\tests\e2e\adventure-interactions.local.spec.ts:183:5

    attachment #1: screenshot (image/png) ──────────────────────────────────────────────────────────
    tmp\qa-final\acceptance\e2e-adventure-interactions-02ab7-ntrols-in-both-orientations-mobile-ipad\test-failed-1.png
    ────────────────────────────────────────────────────────────────────────────────────────────────

    attachment #2: video (video/webm) ──────────────────────────────────────────────────────────────
    tmp\qa-final\acceptance\e2e-adventure-interactions-02ab7-ntrols-in-both-orientations-mobile-ipad\video.webm
    ────────────────────────────────────────────────────────────────────────────────────────────────

    attachment #3: video (video/webm) ──────────────────────────────────────────────────────────────
    tmp\qa-final\acceptance\e2e-adventure-interactions-02ab7-ntrols-in-both-orientations-mobile-ipad\video-2.webm
    ────────────────────────────────────────────────────────────────────────────────────────────────

    attachment #4: video (video/webm) ──────────────────────────────────────────────────────────────
    tmp\qa-final\acceptance\e2e-adventure-interactions-02ab7-ntrols-in-both-orientations-mobile-ipad\video-1.webm
    ────────────────────────────────────────────────────────────────────────────────────────────────

    Error Context: tmp\qa-final\acceptance\e2e-adventure-interactions-02ab7-ntrols-in-both-orientations-mobile-ipad\error-context.md

    attachment #6: trace (application/zip) ─────────────────────────────────────────────────────────
    tmp\qa-final\acceptance\e2e-adventure-interactions-02ab7-ntrols-in-both-orientations-mobile-ipad\trace.zip
    Usage:

        npx playwright show-trace tmp\qa-final\acceptance\e2e-adventure-interactions-02ab7-ntrols-in-both-orientations-mobile-ipad\trace.zip

    ────────────────────────────────────────────────────────────────────────────────────────────────

  44 failed
    [local-chromium] › tests\e2e\adventure-interactions.local.spec.ts:11:1 › COL-01: finger paint stays clipped, survives cancellation and requires a choice
    [local-chromium] › tests\e2e\adventure-interactions.local.spec.ts:59:1 › INT-01: extra pointer does not cancel the active drag; resizing does
    [local-chromium] › tests\e2e\adventure-interactions.local.spec.ts:117:3 › A11Y-01 INT-03: v2-letter-bridge accessible with enlarged controls in both orientations
    [local-chromium] › tests\e2e\adventure-interactions.local.spec.ts:117:3 › A11Y-01 INT-03: v2-number-breakfast accessible with enlarged controls in both orientations
    [local-chromium] › tests\e2e\adventure-interactions.local.spec.ts:117:3 › A11Y-01 INT-03: v2-shape-windmill accessible with enlarged controls in both orientations
    [local-chromium] › tests\e2e\adventure-interactions.local.spec.ts:117:3 › A11Y-01 INT-03: v2-color-petals accessible with enlarged controls in both orientations
    [local-chromium] › tests\e2e\adventure-interactions.local.spec.ts:117:3 › A11Y-01 INT-03: v2-color-orange accessible with enlarged controls in both orientations
    [local-chromium] › tests\e2e\games.local.spec.ts:59:1 › completes sorting game ─────────────────
    [local-webkit] › tests\e2e\adventure-interactions.local.spec.ts:11:1 › COL-01: finger paint stays clipped, survives cancellation and requires a choice
    [local-webkit] › tests\e2e\adventure-interactions.local.spec.ts:59:1 › INT-01: extra pointer does not cancel the active drag; resizing does
    [local-webkit] › tests\e2e\adventure-interactions.local.spec.ts:117:3 › A11Y-01 INT-03: v2-letter-bridge accessible with enlarged controls in both orientations
    [local-webkit] › tests\e2e\adventure-interactions.local.spec.ts:117:3 › A11Y-01 INT-03: v2-number-breakfast accessible with enlarged controls in both orientations
    [local-webkit] › tests\e2e\adventure-interactions.local.spec.ts:117:3 › A11Y-01 INT-03: v2-shape-windmill accessible with enlarged controls in both orientations
    [local-webkit] › tests\e2e\adventure-interactions.local.spec.ts:117:3 › A11Y-01 INT-03: v2-color-petals accessible with enlarged controls in both orientations
    [local-webkit] › tests\e2e\adventure-interactions.local.spec.ts:117:3 › A11Y-01 INT-03: v2-color-orange accessible with enlarged controls in both orientations
    [mobile-chrome] › tests\e2e\adventure-interactions.local.spec.ts:11:1 › COL-01: finger paint stays clipped, survives cancellation and requires a choice
    [mobile-chrome] › tests\e2e\adventure-interactions.local.spec.ts:59:1 › INT-01: extra pointer does not cancel the active drag; resizing does
    [mobile-chrome] › tests\e2e\adventure-interactions.local.spec.ts:117:3 › A11Y-01 INT-03: v2-letter-bridge accessible with enlarged controls in both orientations
    [mobile-chrome] › tests\e2e\adventure-interactions.local.spec.ts:117:3 › A11Y-01 INT-03: v2-number-breakfast accessible with enlarged controls in both orientations
    [mobile-chrome] › tests\e2e\adventure-interactions.local.spec.ts:117:3 › A11Y-01 INT-03: v2-shape-windmill accessible with enlarged controls in both orientations
    [mobile-chrome] › tests\e2e\adventure-interactions.local.spec.ts:117:3 › A11Y-01 INT-03: v2-color-petals accessible with enlarged controls in both orientations
    [mobile-chrome] › tests\e2e\adventure-interactions.local.spec.ts:117:3 › A11Y-01 INT-03: v2-color-orange accessible with enlarged controls in both orientations
    [mobile-safari] › tests\e2e\adventure-interactions.local.spec.ts:11:1 › COL-01: finger paint stays clipped, survives cancellation and requires a choice
    [mobile-safari] › tests\e2e\adventure-interactions.local.spec.ts:59:1 › INT-01: extra pointer does not cancel the active drag; resizing does
    [mobile-safari] › tests\e2e\adventure-interactions.local.spec.ts:117:3 › A11Y-01 INT-03: v2-letter-bridge accessible with enlarged controls in both orientations
    [mobile-safari] › tests\e2e\adventure-interactions.local.spec.ts:117:3 › A11Y-01 INT-03: v2-number-breakfast accessible with enlarged controls in both orientations
    [mobile-safari] › tests\e2e\adventure-interactions.local.spec.ts:117:3 › A11Y-01 INT-03: v2-shape-windmill accessible with enlarged controls in both orientations
    [mobile-safari] › tests\e2e\adventure-interactions.local.spec.ts:117:3 › A11Y-01 INT-03: v2-color-petals accessible with enlarged controls in both orientations
    [mobile-safari] › tests\e2e\adventure-interactions.local.spec.ts:117:3 › A11Y-01 INT-03: v2-color-orange accessible with enlarged controls in both orientations
    [mobile-safari] › tests\e2e\visual.local.spec.ts:9:1 › keeps welcome and menu framed without overflow
    [mobile-android-tablet] › tests\e2e\adventure-interactions.local.spec.ts:11:1 › COL-01: finger paint stays clipped, survives cancellation and requires a choice
    [mobile-android-tablet] › tests\e2e\adventure-interactions.local.spec.ts:59:1 › INT-01: extra pointer does not cancel the active drag; resizing does
    [mobile-android-tablet] › tests\e2e\adventure-interactions.local.spec.ts:117:3 › A11Y-01 INT-03: v2-letter-bridge accessible with enlarged controls in both orientations
    [mobile-android-tablet] › tests\e2e\adventure-interactions.local.spec.ts:117:3 › A11Y-01 INT-03: v2-number-breakfast accessible with enlarged controls in both orientations
    [mobile-android-tablet] › tests\e2e\adventure-interactions.local.spec.ts:117:3 › A11Y-01 INT-03: v2-shape-windmill accessible with enlarged controls in both orientations
    [mobile-android-tablet] › tests\e2e\adventure-interactions.local.spec.ts:117:3 › A11Y-01 INT-03: v2-color-petals accessible with enlarged controls in both orientations
    [mobile-android-tablet] › tests\e2e\adventure-interactions.local.spec.ts:117:3 › A11Y-01 INT-03: v2-color-orange accessible with enlarged controls in both orientations
    [mobile-ipad] › tests\e2e\adventure-interactions.local.spec.ts:11:1 › COL-01: finger paint stays clipped, survives cancellation and requires a choice
    [mobile-ipad] › tests\e2e\adventure-interactions.local.spec.ts:59:1 › INT-01: extra pointer does not cancel the active drag; resizing does
    [mobile-ipad] › tests\e2e\adventure-interactions.local.spec.ts:117:3 › A11Y-01 INT-03: v2-letter-bridge accessible with enlarged controls in both orientations
    [mobile-ipad] › tests\e2e\adventure-interactions.local.spec.ts:117:3 › A11Y-01 INT-03: v2-number-breakfast accessible with enlarged controls in both orientations
    [mobile-ipad] › tests\e2e\adventure-interactions.local.spec.ts:117:3 › A11Y-01 INT-03: v2-shape-windmill accessible with enlarged controls in both orientations
    [mobile-ipad] › tests\e2e\adventure-interactions.local.spec.ts:117:3 › A11Y-01 INT-03: v2-color-petals accessible with enlarged controls in both orientations
    [mobile-ipad] › tests\e2e\adventure-interactions.local.spec.ts:117:3 › A11Y-01 INT-03: v2-color-orange accessible with enlarged controls in both orientations
  6 skipped
  354 passed (23.8m)
  3 errors were not a part of any test, see above for details
